-- phpMyAdmin SQL Dump
-- version 4.3.12
-- http://www.phpmyadmin.net
--
-- Servidor: localhost
-- Tiempo de generación: 05-09-2015 a las 14:11:02
-- Versión del servidor: 5.5.41-0ubuntu0.14.10.1
-- Versión de PHP: 5.5.12-2ubuntu4.1

SET SQL_MODE = "NO_AUTO_VALUE_ON_ZERO";
SET time_zone = "+00:00";


/*!40101 SET @OLD_CHARACTER_SET_CLIENT=@@CHARACTER_SET_CLIENT */;
/*!40101 SET @OLD_CHARACTER_SET_RESULTS=@@CHARACTER_SET_RESULTS */;
/*!40101 SET @OLD_COLLATION_CONNECTION=@@COLLATION_CONNECTION */;
/*!40101 SET NAMES utf8 */;

--
-- Base de datos: `reto_mun`
--

-- --------------------------------------------------------

--
-- Estructura de tabla para la tabla `encuentros`
--

CREATE TABLE IF NOT EXISTS `encuentros` (
  `CodRonda` varchar(1) NOT NULL DEFAULT '',
  `Numero` int(10) unsigned NOT NULL DEFAULT '0',
  `Equipo1` int(10) unsigned NOT NULL DEFAULT '0',
  `Equipo2` int(10) unsigned NOT NULL DEFAULT '0',
  `Equipo3` int(10) unsigned NOT NULL DEFAULT '0'
) ENGINE=InnoDB DEFAULT CHARSET=utf8;

--
-- Volcado de datos para la tabla `encuentros`
--

INSERT INTO `encuentros` (`CodRonda`, `Numero`, `Equipo1`, `Equipo2`, `Equipo3`) VALUES
('1', 1, 1, 2, 0),
('1', 2, 3, 13, 0),
('1', 3, 5, 6, 0),
('1', 4, 7, 8, 0),
('1', 5, 9, 10, 0),
('1', 6, 11, 12, 0);

-- --------------------------------------------------------

--
-- Estructura de tabla para la tabla `equipos`
--

CREATE TABLE IF NOT EXISTS `equipos` (
  `Numero` int(10) unsigned NOT NULL DEFAULT '0',
  `Equipo` varchar(100) NOT NULL DEFAULT '',
  `logo` varchar(150) NOT NULL
) ENGINE=InnoDB DEFAULT CHARSET=utf8;

--
-- Volcado de datos para la tabla `equipos`
--

INSERT INTO `equipos` (`Numero`, `Equipo`, `logo`) VALUES
(1, 'URACOA', 'C:fakepathCONTRALORIA_MUNICIPAL_DE_URACOA.jpeg'),
(2, 'ACOSTA', 'C:fakepathCONTRALORIA_MUN_ACOSTA.jpeg'),
(3, 'PIAR', 'C:fakepathCONTRALORIA_MUNICIPAL_DE_PIAR.jpeg'),
(5, 'SITULLO', 'C:fakepathCONTRALORIA_MUNICIPAL_DE_SOTILLO.jpeg'),
(6, 'CEDEÑO', 'C:fakepathCONTRALORIA_MUNICIPAL_CEDEÑO.jpeg'),
(7, 'MATURIN', 'C:fakepathCONTRALORIA_MUNICIPAL_DE_MATURIN.jpeg'),
(8, 'PUNCERES', 'C:fakepathCONTRALORIA_MUNICIPAL_DE_PUNCERES.jpeg'),
(9, 'BOLIVAR', 'C:fakepathCONTRALORIA_MUNICIPAL_DE BOLIVAR.jpeg'),
(10, 'STA. BARBARA', 'C:fakepathCONTRALORIA_MUN_SANTA_BARBARA.jpeg'),
(11, 'AGUASAY', 'C:fakepathCONTRALORIA_MUNICIPAL_DE_AGUASAY.jpeg'),
(12, 'CARIPE', 'C:fakepathCONTRALORIA_MUNICIPAL_DE_CARIPE.jpeg'),
(13, 'ZAMORA', 'C:fakepathCONTRALORIA_MUNICIPAL_DE_ZAMORA.jpeg');

-- --------------------------------------------------------

--
-- Estructura de tabla para la tabla `estadistica`
--

CREATE TABLE IF NOT EXISTS `estadistica` (
  `CodRonda` varchar(1) NOT NULL DEFAULT '',
  `Encuentro` int(10) unsigned NOT NULL DEFAULT '0',
  `Equipo` int(10) unsigned NOT NULL DEFAULT '0',
  `FlagGano` varchar(1) NOT NULL DEFAULT '',
  `Puntos` int(10) unsigned NOT NULL DEFAULT '0'
) ENGINE=InnoDB DEFAULT CHARSET=utf8;

-- --------------------------------------------------------

--
-- Estructura de tabla para la tabla `historial`
--

CREATE TABLE IF NOT EXISTS `historial` (
  `Id` int(10) unsigned NOT NULL,
  `Ronda` varchar(1) NOT NULL DEFAULT '',
  `Equipo` int(10) unsigned NOT NULL DEFAULT '0',
  `Pregunta` int(10) unsigned NOT NULL,
  `FlagAcierto` varchar(1) NOT NULL DEFAULT 'N',
  `Encuentro` int(10) unsigned NOT NULL DEFAULT '0',
  `FlagValido` varchar(1) NOT NULL DEFAULT ''
) ENGINE=InnoDB DEFAULT CHARSET=utf8;

-- --------------------------------------------------------

--
-- Estructura de tabla para la tabla `parametros`
--

CREATE TABLE IF NOT EXISTS `parametros` (
  `Parametro` varchar(10) NOT NULL DEFAULT '',
  `Descripcion` varchar(100) NOT NULL DEFAULT '',
  `Valor` varchar(100) NOT NULL DEFAULT ''
) ENGINE=InnoDB DEFAULT CHARSET=utf8;

--
-- Volcado de datos para la tabla `parametros`
--

INSERT INTO `parametros` (`Parametro`, `Descripcion`, `Valor`) VALUES
('PRERONDA1', 'LIMITE DE PREGUNTAS RONDA ELIMINATORIA', '8'),
('PRERONDA2', 'LIMITE DE PREGUNTAS RONDA SEMIFINAL', '8'),
('PRERONDA3', 'LIMITE DE PREGUNTAS RONDA FINAL', '8');

-- --------------------------------------------------------

--
-- Estructura de tabla para la tabla `preguntas`
--

CREATE TABLE IF NOT EXISTS `preguntas` (
  `Numero` int(10) unsigned NOT NULL,
  `Pregunta` longtext NOT NULL,
  `OpcionA` longtext NOT NULL,
  `OpcionB` longtext NOT NULL,
  `OpcionC` longtext NOT NULL,
  `OpcionD` longtext NOT NULL,
  `Respuesta` varchar(1) NOT NULL DEFAULT '',
  `Puntos` int(2) unsigned NOT NULL DEFAULT '0',
  `Ronda` varchar(1) NOT NULL DEFAULT ''
) ENGINE=InnoDB AUTO_INCREMENT=260 DEFAULT CHARSET=utf8;

--
-- Volcado de datos para la tabla `preguntas`
--

INSERT INTO `preguntas` (`Numero`, `Pregunta`, `OpcionA`, `OpcionB`, `OpcionC`, `OpcionD`, `Respuesta`, `Puntos`, `Ronda`) VALUES
(1, 'De conformidad a la Ley Orgánica del Poder Público Municipal, ¿Cómo se ejercerán las competencias de los municipios cuya población sea predominantemente indígena?', 'Con objetividad e imparcialidad.', 'Con respeto a las costumbres de cada comunidad.', 'Con el control y la rectoría de la Asociación de Indígenas de Venezuela.', 'Ninguna de las anteriores.', 'B', 1, '1'),
(2, 'Según el reglamento de LOCGRSNCF, en el ejercicio de las actividades de control sobre los gastos destinados a seguridad y defensa del estado ¿Qué deberá preservarse?', 'El carácter secreto de dichos gastos', 'El carácter público de dichos gastos', 'El carácter  vinculante de dichos gastos', 'ningún carácter', 'A', 1, '1'),
(3, 'Según el Reglamento de la LOCGRSNCF, ¿Qué debe al menos contener un Auto de Proceder?', 'La identificación del órgano de control fiscal, así como la de la dependencia del mismo que efectuó la respectiva actuación de control.', 'La indicación de los elementos probatorios  recabados durante la respectiva actuación de control fiscal.', 'La orden de que sean notificados los interesados legítimos.', 'Todas las anteriores', 'D', 1, '1'),
(4, 'De acuerdo a lo establecido en las Normas de Auditoría de Estado,  que riesgos deberá evaluar el auditor en una auditoría, a fin de prever las acciones que compensen los efectos  que estos riesgos llegaren a materializarse:', 'Aquel vinculado con las características y naturaleza propia del órgano, ente, dependencia, proyecto, proceso, actividad u operación a la que se dirige la auditoría.', 'Aquella relativa a las desviaciones o deficiencias del sistema de control interno del objeto evaluado que pudieran incidir en los resultados de la auditoría.', 'Aquel referido a la probabilidad de que no se aplique o no sean suficientes los procedimientos de auditoría que permitan detectar los errores o irregularidades significativas', 'Todas las anteriores.', 'D', 1, '1'),
(5, 'Según Decreto de Rango, Valor y Fuerza de la Ley Orgánica de Administración Financiera del Sector Público, De acuerdo al artículo 3 de la presente Ley ¿Quiénes conforman la administración financiera del sector público?', 'Por los sistemas de presupuesto, crédito público, tesorería, sistemas aduaneros, sistemas tributarios y los sistemas de administración de bienes  regulados por leyes especiales', 'Por los sistemas de Administración de personal, de crédito financieros, de  tesorería,  aduaneros,  tributarios y los sistemas de administración de bienes  regulados por leyes especiales', 'Por los sistemas de seguridad ciudadana,  aduaneros,  tributarios y los sistemas de administración de bienes  regulados por leyes especiales', 'Ninguna de las anteriores.', 'D', 1, '1'),
(6, 'De acuerdo al Reglamento de Contrataciones Públicas. Por quien serán aprobadas las Alianzas Comerciales  y Estratégicas?', 'Por la Máxima autoridad del órgano o ente contratante.', 'Por la Dirección encargada de realizar la contratación.', 'Por la Direcciones autorizadas de realizar cualquier documentación para la contratación.', 'Ninguna de las Anteriores.', 'A', 1, '1'),
(7, 'De conformidad a la Ley Orgánica del Poder Ciudadano, a quién y en que tiempo deberá presentar el Consejo Moral Republicano, una memoria y cuenta razonada y suficiente sobre su gestión?', 'El secretario Ejecutivo, dentro de los primeros 90 días de cada año, de conformidad con esta ley', 'La Asamblea Nacional, dentro de los primeros 90 días de cada año, de conformidad con esta ley', 'Al Presidente del Consejo Comunal,dentro de los primeros 90 días de cada año, de conformidad con esta ley', 'Ninguna de las Anteriores.', 'B', 1, '1'),
(8, 'De acuerdo a lo dispuesto en la Ley Orgánica del Poder Público Municipal, ¿Cual de los siguientes sistemas conforman la administración financiera de la Hacienda Pública Municipal?', 'Sistema de Bienes y Planificación.', 'Sistema de Presupuesto y Tesorería.', 'Sistema de Contabilidad y Tributario.', 'Todas las anteriores.', 'D', 1, '1'),
(9, 'Establece la Ley Orgánica del Poder Público Municipal, ¿Cuál de las siguientes opciones es una atribución y obligación del alcalde o alcaldesa?', 'Cumplir y hacer cumplir la Constitución de la República Bolivariana de Venezuela.', 'Dirigir el gobierno y la administración municipal.', 'Dictar reglamentos, decretos, resoluciones y demás actos administrativos en la entidad local.', 'Todas las anteriores.', 'D', 1, '1'),
(10, 'Según  Decreto con Rango, Valor y Fuerza de Ley de Contrataciones Pública.  Es  competencia del Servicio Nacional de Contrataciones:', 'Velar y promover el cumplimiento y difusión del presente Decreto con Rango, Valor y Fuerza de Ley, su reglamento, Normas complementarias y proponer modificaciones que considere necesaria', 'Exhortar al mejoramiento de los sistemas de control en la ejecución de contrataciones de obras, bienes y servicios', 'Crear o eliminar oficinas o dependencias  a nivel nacional', 'Todas  las anteriores.', 'D', 1, '1'),
(11, 'La Ley Contra la Corrupción establece que la Declaración Jurada de Patrimonio deberá cumplir con los requisitos previstos en la:', 'Ley Orgánica de Contraloría General de la República y Sistema Nacional de Control Fiscal y Mediante Resolución señale el Contralor  General de la República, de conformidad con lo establecido en dicha Ley', 'Ley Orgánica de Procedimientos Administrativos.', 'Ley Orgánica de Contraloría General de la República y Sistema Nacional de Control Fiscal y Mediante Resolución señale el Contralor  del Estado, de conformidad con lo establecido en dicha Ley', 'Ley Orgánica de la Administración Financiera del Sector Público', 'A', 1, '1'),
(12, 'De acuerdo a lo establecido en las Normas de Auditoría de Estado. La Auditoría de Estado, tiene por finalidad determinar:', 'El cumplimiento de las disposiciones constitucionales, legales, sub legales y', '2). El grado de operatividad y eficacia del sistema de control interno del objeto a evaluar y contribuir a su fortalecimiento mediante la formulación de las correspondientes recomendaciones.', '4). La eficacia, eficiencia, economía, calidad e impacto en el uso de los recursos públicos, y de los procesos que ejecuta el objeto a evaluar con miras a su optimización.', 'Todas las anteriores.', 'D', 1, '1'),
(13, 'De acuerdo al Reglamento de la LOCGRSNCF, ¿Como debe considerarse la audiencia oral y publica del procedimiento de la Determinación de Responsabilidades? :', 'Una sola y única audiencia', 'Dos audiencias.', 'Tres audiencias.', 'Las que considere conveniente el titular de la dependencia competente de la determinación de responsabilidades.', 'A', 1, '1'),
(14, 'De acuerdo a las Normas para la Formación, Participación, Rendición, Examen y Calificación de las Cuentas de los Órganos del Poder Público Nacional, Distrital, Municipal y sus entes Descentralizados, Quien deberá contener la designación emitida al funcionario que se encargará de practicar el examen de la cuenta', 'La verificación de la correcta formación de la cuenta', 'Orientaciones Generales y particulares para el trabajo', 'a identificación de los funcionario a quienes corresponderá coordinar, supervisar y realizar el examen de la cuenta', 'Todas la anteriores', 'D', 1, '1'),
(15, 'De conformidad a la Ley Orgánica del Poder Ciudadano, Es competencia del Consejo Moral Republicano:', 'Velar por la buena gestión y la legalidad en el uso del patrimonio público.', 'Presentar ante la Asamblea Nacional los proyectos de leyes relativos a los órganos que lo integran.', 'Dictar las decisiones con ocasión de los procedimientos sancionatorios previstos en esta Ley.', 'Todas las Anteriores.', 'D', 1, '1'),
(16, 'De conformidad al Reglamento de la LOCGRSNCF ¿Se considera una situación agravante de las multas impuestas, cuando el funcionario reincida en algunos de los supuestos que le generaron dichas sanciones dentro del término de:', 'Dos (2) años.', 'Tres (3) años.', 'Cuatro (4) años.', 'Cinco (5) años.', 'D', 1, '1'),
(17, 'Según lo señalado  en la Ley de los Consejos Comunales  referidos a  los recursos financieros, ¿Cuál de los siguientes es un fondo interno que debe manejar un consejo comunal?', 'Fondo de seguridad y defensa.', 'Fondo de ahorro y crédito social', 'Fondo de energía', 'Todas las anteriores', 'B', 1, '1'),
(18, 'De acuerdo al Decreto con Rango, Valor y Fuerza de Ley de Contrataciones Pública.  Podrá la Comisión de Contrataciones opinar sobre las variaciones en los precios establecidos en el contrato, siempre que esta:', 'Hayan sido recomendadas por la Comisión de contrataciones y superen el 15% del monto original del contrato', 'Hayan sido recomendadas por la Comisión de contrataciones y superen el 10% del monto original del contrato', 'Hayan sido recomendadas por la Comisión de contrataciones y superen el 20% del monto original del contrato', 'Ninguna de la anteriores.', 'C', 1, '1'),
(19, 'Según el Reglamento de la LOCGRSNCF, se entiende por Auto de proceder al:', 'Acto dictado por la autoridad competente que da inicio al procedimiento administrativo para la determinación de responsabilidades', 'Acto dictado por la Autoridad competente a través del cual se formaliza el ejercicio de la potestad investigativa.', 'Acto dictado por la autoridad competente a través del cual se inicia un procedimiento de selección de contratista', 'Ninguna de las anteriores.', 'B', 1, '1'),
(20, 'De acuerdo al Reglamento de la LOCGRSNCF, se podrá designar mediante concurso público a:', 'Todos los titulares de los Órganos de Control Fiscal.', 'Todos los titulares de los Órganos de Control Fiscal, menos los de la Unidad de Auditoria Interna.', 'Todos los titulares de los Órganos de Control Fiscal, menos los Contralores Comunales.', 'Todos los titulares de los Órganos de Control Fiscal, menos el Contralor General de la República.', 'D', 1, '1'),
(21, 'De conformidad al Reglamento de LOCGRSNCF, ¿El procedimiento administrativo de determinación de responsabilidades podrá iniciarse como consecuencia:', 'Del ejercicio de las funciones de control y de la potestad de investigación.', 'Del ejercicio de la potestad de investigación y por denuncias de particulares.', 'A solicitud de cualquier organismo o empleado público.', 'Cualquiera de las anteriores.', 'D', 1, '1'),
(22, 'Según la Ley Orgánica del Poder Público Municipal, ¿Bajo que norma legal el Municipio podrá solicitar al Poder Nacional o al Estado respectivo la transferencia de determinadas competencias?', 'La Constitución y la LOCGRSNCF.', 'La Constitución y la Ley de Descentralización.', 'La Constitución y la Ley Orgánica de la Administración Central.', 'Ninguna de las anteriores.', 'B', 1, '1'),
(23, 'Según el Reglamento de la LOCGRSNCF, se entiende por Auto de inicio o apertura al:', 'Acto dictado por la autoridad competente a través del cual se inicia un procedimiento de selección de contratista', 'Conjunto de procedimientos ordenados de forma lógica que conducen a la producción de bienes o prestación de servicios.', 'Acto dictado por la autoridad competente que da inicio al procedimiento administrativo para la determinación de responsabilidades', 'Ninguna de las anteriores.', 'C', 1, '1'),
(24, 'De conformidad al Reglamento de la LOCGRSNCF, a los fines del cabal derecho a la defensa de los interesados legítimos, una vez recibido el oficio de notificación de la potestad investigativa ¿Cuál es el lapso que estos tendrán para exponer sus argumentos y promover pruebas?.', 'Cinco (5) días hábiles.', 'Diez (10) días hábiles.', 'Quince (15) días hábiles.', 'Veinte (20) días hábiles.', 'B', 1, '1'),
(25, 'De acuerdo a lo establecido en las Normas de Auditoría de Estado, A que deberá un auditor abstenerse:', 'De obtener información que pueda influir en el resultado de las actuaciones encomendadas', 'De aceptar atenciones, obsequios o gratificaciones, que puedan influir en el resultado de las actuaciones que le han sido encomendadas', 'La adquisición de bienes, ejecución de obras destinados a la seguridad y defensa de estado.', 'Ninguna de las anteriores.', 'B', 1, '1'),
(26, 'De acuerdo a lo establecido en las Normas de Auditoría de Estado. Para determinar su grado de confiabilidad, identificar las áreas críticas y establecer la naturaleza, alcance y extensión de los procedimientos de auditoría a aplicar,  la evaluación del sistema de control interno abarcará la existencia de:', 'Planes Estratégicos y Operativos', 'La Unidad de Auditoría Interna', 'Sistemas, métodos y procedimientos que se aseguren la confiabilidad, integridad, oportunidad y seguridad de la información presupuestaria, financiera, operativa y contable', 'Todas las anteriores.', 'D', 1, '1'),
(27, 'De acuerdo al Reglamento de Contrataciones Públicas. La contratación entre órganos y entes del Estado. ¿Que se deja de exigir para la adquisición de bienes, prestación de servicios y ejecución de obras, el cual se encuentra señalado en el art. 3 de la Ley de Contrataciones?', 'El compromiso de responsabilidad civil', 'El compromiso de responsabilidad social', 'El compromiso de responsabilidad ejecutiva', 'Ninguna de las Anteriores.', 'B', 1, '1'),
(28, 'De Acuerdo a la Ley Orgánica del Poder Ciudadano, a los efectos de garantizar su independencia y la autonomía funcional, financiera y administrativa de sus órganos, este estará sujeto a:', 'La leyes sobre la elaboración, ejecución y control del presupuesto', 'i', 'Normativas sobre la elaboración elaboración y control  del presupuesto', 'Ninguna de las Anteriores.', 'D', 1, '1'),
(29, 'De acuerdo al Decreto de Rango, Valor y Fuerza de Ley de Simplificación de Trámites Administrativos, El patrimonio y las fuentes de ingresos del Instituto Nacional para la Gestión Eficiente de Trámites y Permisos (INGETYP), esta constituido por:', 'El importe de las multas pagadas por los infractores a quienes se le apliquen las sanciones contenidas en este decreto.', 'Los ingresos provenientes de su gestión', 'Los recursos asignados en la Ley de Presupuesto para cada ejercicio fiscal y los aportes extraordinarios que apruebe el ejecutivo nacional.', 'Todas las anteriores.', 'D', 1, '1'),
(30, 'La Ley Orgánica del Poder Público Municipal señala, ¿Cuál de los siguientes servicios públicos es competencia de los municipios y pueden ser prestados directamente por éstos?', 'Agua potable.', 'Electricidad.', 'Gas.', 'Todas las anteriores.', 'D', 1, '1'),
(31, 'De acuerdo al Reglamento de la LOCGRSNCF, ¿De que forma debe considerarse la audiencia oral y publica del procedimiento de la Determinación de Responsabilidades? :', 'Una sola y única audiencia', 'Dos audiencias.', 'Tres audiencias.', 'Las que considere conveniente el titular de la dependencia competente de la determinación de responsabilidades.', 'A', 1, '1'),
(32, 'De conformidad a lo pautado en la Ley Orgánica de los Consejos Comunales, ¿Qué se entiende por Ciclo Comunal?', 'A las acciones que exigen el cumplimiento de los objetivos y metas, aprobados por la Asamblea de Ciudadanos y Ciudadanas, de cada una de las unidades de trabajo que integran el consejo comunal.', 'Al proceso para hacer efectiva la participación popular y la planificación participativa que responde a las necesidades comunitarias y contribuye a su desarrollo', 'Al conjunto de actividades concretas orientadas a lograr uno o varios objetivos, para dar respuesta a las necesidades, aspiraciones y potencialidades de las comunidades.', 'Ninguna de las anteriores.', 'B', 1, '1'),
(33, 'Según lo establecido en la Ley Orgánica de los Consejos Comunales, ¿Qué atribución tendrá el Ministerio del Poder Popular con competencia en materia de participación ciudadana?', 'Prestar asistencia técnica en proceso del ciclo comunal.', 'El registro de los consejos comunales y la emisión del certificado correspondiente.', 'Diseñar y  coordinar  el sistema de información comunitario y los procedimientos referidos a la organización y desarrollo de los consejos comunales.', 'Todas las anteriores', 'D', 1, '1'),
(34, 'Según la Ley Contra la Corrupción, ¿Con qué deberán los funcionarios y empleados públicos administrar y custodiar el patrimonio público?', 'Con decencia.', 'Con probidad.', 'Con honradez.', 'Toas las anteriores.', 'D', 1, '1'),
(35, 'Según lo señalado en la Ley Contra la Corrupción, ¿Por quién será ejercida la acción civil, cuando se hayan cometido delitos contra el patrimonio público y en estos resultaren afectados los derechos, bienes y los intereses patrimoniales dela República Bolivariana de Venezuela?', 'Por la Asociación Civil', 'Por la Contraloría General de la República', 'Por el Contralor(a) del Estado', 'Por El Procurador (a) General de la República', 'C', 1, '1'),
(36, 'De acuerdo al art .77 de la Ley contra la corrupción por cual motivo podrá ser  penado con prisión de seis (6) meses a  dos (2) años el funcionario público o particular?', 'Por expedir una certificación falsa, documentos, actas, constancias  u otras credenciales que puedan ser utilizadas para justificar decisiones  que causen daños al patrimonio público.', 'Por haber movilizado fondos de empresas depositados en cuentas bancarias.', 'Por haber omitido presentar  la Declaración Jurada de Patrimonio dentro del término previo para ello.', 'Ninguna de las anteriores.', 'A', 1, '1'),
(37, 'Según el Reglamento de la LOCGRSNCF, se entiende por Auto de inicio o apertura al:', 'Acto dictado por la autoridad competente a través del cual se inicia un procedimiento de selección de contratista', 'Conjunto de procedimientos ordenados de forma lógica que conducen a la producción de bienes o prestación de servicios.', 'Acto dictado por la autoridad competente que da inicio al procedimiento administrativo para la determinación de responsabilidades', 'Ninguna de las anteriores.', 'C', 1, '1'),
(38, 'Según el Reglamento de la LOCGRSNCF, ¿Quién podrá asumir cualquier tipo de control previo sobre los gastos destinados a la seguridad y defensa del estado?', 'La Contraloría del Estado', 'La contraloría Municipal.', 'La Contraloría General de la República', 'Ninguna de las anteriores.', 'C', 1, '1'),
(39, 'De acuerdo al Reglamento de la LOCGRSNCF, ¿Cuántos días hábiles tendrán las máximas autoridades de los órganos que reciban recomendaciones de los Órganos de Control Fiscal, para solicitar por escrito la reconsideración y sustitución de dichas recomendaciones?', '15 días hábiles siguientes a la recepción del informe.', '20 días hábiles siguientes a la recepción del informe.', '25 días hábiles siguientes a la recepción del informe.', '30 días hábiles siguientes a la recepción del informe.', 'A', 1, '1'),
(40, 'De acuerdo a las Normas para la Formación, Participación, Rendición, Examen y Calificación de las Cuentas de los Órganos del Poder Público Nacional, Distrital, Municipal y sus entes Descentralizados,A quién corresponderá el examen de cuenta de gastos destinados a la defensa y seguridad del estado', 'Corresponderá exclusivamente a la Contraloría del Estado', 'Corresponderá exclusivamente a la  Contraloría General de la Fuerza Armada Nacional', 'Las Contralorías de los Distritos, de los Municipios', 'Ninguna de las Anteriores.', 'D', 1, '1'),
(41, 'De conformidad a la Ley Orgánica del Poder Ciudadano, Quiénes podrán ser designadas por el Consejo Moral Republicano como su Presidente o Presidenta por el tiempo estipulado en esta Ley pudiendo ser reelecta una vez culminado su período:', 'Uno o más titulares de la Defensoría del Pueblo, el Ministerio Público y la Contraloría General de la República.', 'Uno o más titulares de la Defensoría del Pueblo, la Contraloría de Municipal, Ministerio Público', 'Uno o más titulares de la Defensoría del Pueblo, el Ministerio Público y la Contraloría General de la República, Los consejos Municipales', 'Ninguna de las Anteriores.', 'A', 1, '1'),
(42, 'De conformidad a la Ley Orgánica del Poder Ciudadano,  En que ley se basa El Consejo Moral Republicano para ejercer la potestad sancionatoria a los funcionarios que en aquellos casos no colabores con carácter preferente y urgente con sus investigaciones:', 'La Ley de la Contraloría de Estado', 'Ley del Consejo Comunales', 'Constitución de la República Bolivariana de Venezuela', 'Ninguna de las Anteriores.', 'D', 1, '1'),
(43, 'Señala la Ley Orgánica del Poder Público Municipal, ¿Cuántos ciudadanos inscritos en el Registro Electoral Permanente, deben opinar en el referendúm para un proyecto de ley de creación, fusión o segregación de municipios, para que este sea aprobado?', '10% de los ciudadanos y ciudadanas inscritos.', '15% de los ciudadanos y ciudadanas inscritos.', '20% de los ciudadanos y ciudadanas inscritos.', '25% de los ciudadanos y ciudadanas inscritos.', 'D', 1, '1'),
(44, 'De acuerdo a los pautado en la Ley Orgánica del Poder Público Municipal, ¿Qué funciones cumplirá la Policía Municipal?', 'La protección del medio ambiente y de la salubridad pública.', 'Controlar las estadísticas de población.', 'El control de espectáculos públicos.', 'El transporte y resguardo de sustancias tóxicas.', 'C', 1, '1'),
(45, 'De acuerdo al Reglamento de la LOCGRSNCF, el funcionario interventor presentará tanto al Contralor General de la República como al Órgano de Control Fiscal intervenido:', 'Los informes mensuales de su gestión', 'El plan de acciones correctivas que hayan elaborado para implementar las recomendaciones contenidas en el informe respectivo.', 'Un informe sobre los resultados de su gestión', 'Todas las anteriores', 'D', 1, '1'),
(46, 'La ley Contra la Corrupción tiene por objeto', 'Regular la administración financiera.', 'Regular el derecho a la jubilación y pensión de los funcionarios o funcionarias y empleados públicos.', 'Regular las conductas de las personas.', 'El establecimiento de normas que rijan la conducta que deben asumir las personas sujetas a la misma, a los fines de salvaguardar el patrimonio publico.', 'D', 1, '1'),
(47, 'Según lo señalado en la Ley Contra la Corrupción, El funcionario público que utilice, para si o para otro, informaciones o datos de carácter reservado de los cuales tenga conocimiento en razón de su cargo será penado con:', 'Prisión de 1 a 6 años y multa de hasta 50% del beneficio obtenido, siempre que el hecho no constituya otro delito', 'Prisión de 1 mes  a 6 años y multa de hasta 50% del beneficio obtenido, siempre que el hecho no constituya otro delito', 'Prisión de 1 a 6 meses y multa de hasta 50% del beneficio obtenido, siempre que el hecho no constituya otro delito', 'Ninguna de las anteriores.', 'A', 1, '1'),
(48, 'De acuerdo a lo establecido en las Normas de Auditoría de Estado. Cuando la autoridad competente del órgano o ente evaluado formule los alegatos sobre los resultados preliminares o presente evidencias vinculadas con ellos deberá:', 'Elaborar informe preliminar', 'Elaborar Informe sustancial de los hechos relevantes de la auditoría', 'Realizar un estudio y/o evaluación  preliminar del funcionamiento del sistema de control  interno  para identificar las áreas críticas', 'Ninguna de las anteriores.', 'D', 1, '1'),
(49, 'De acuerdo a las Normas para la Formación, Participación, Rendición, Examen y Calificación de las Cuentas de los Órganos del Poder Público Nacional, Distrital, Municipal y sus entes Descentralizados, son órganos competentes para realizar examen de la cuenta y demás actuaciones derivadas de la mismas:', 'Las Contralorías de los Distritos, de los Municipios', 'La Contraloría General de la Fuerza Armada Nacional', 'unidad de Auditoría Interna', 'Todas la anteriores', 'D', 1, '1'),
(50, 'De conformidad a la Ley Orgánica del Poder Ciudadano, En una actuación del Consejo Moral Republicano, el Presidente evaluará la solicitud o denuncia dentro de que lapso y que deberá hacer si del análisis se haga de su conocimiento que este corresponde a otro organismo:', 'En un lapso comprendido entre los cinco 5 días siguientes a la fecha de presentación y resolverá sobre su admisión, y se remitirá al organismo que correspondiera en el desprendimiento de su análisis', 'En un lapso comprendido entre los quince 15 días siguientes a la fecha de presentación y resolverá sobre su admisión, y se remitirá al organismo que corresponda de acuerdo a lo desprendimiento de su análisis', 'En un lapso comprendido entre los cinco 20 días siguientes a la fecha de presentación y resolverá sobre su admisión, y se remitirá al Ministerio Público', 'Ninguna de las Anteriores.', 'A', 1, '1'),
(51, 'De acuerdo al Decreto de Rango, Valor y Fuerza de Ley de Simplificación de Trámites Administrativos,  Todo los servidores y servidoras públicos, así como a las empleadas y empleados al servicio de los órganos y entes de la Administración Pública, que sean responsables de retardos, omisión o distorsión de los trámites administrativos, así como de lo dispuesto en el presente Decreto, serán sancionados con multas de :', 'Del 25% a 50% de su remuneración total, correspondiente al mes en que cometió la infracción, según la gravedad de la misma', 'Del 25% a 100% de su remuneración total, correspondiente al mes en que cometió la infracción, según la gravedad de la misma', 'Del 10% a 25% de su remuneración total, correspondiente al mes en que cometió la infracción, según la gravedad de la misma', 'Ninguna de las anteriores.', 'A', 1, '1'),
(52, 'Señala la Ley Orgánica de los Consejos Comunales, ¿A que instancia del Consejo Comunal corresponde realizar la evaluación de su gestión comunitaria, y la vigilancia de las actividades que realiza?', 'El comité de seguridad y defensa integral.', 'La Unidad de Contraloría Social.', 'La Unidad Administrativa y Financiera Comunitaria.', 'Ninguna de las anteriores.', 'B', 1, '1'),
(53, 'De acuerdo al Decreto con Rango, Valor y Fuerza de Ley de Contrataciones Públicas, son atribuciones de Comisión de Contrataciones:', 'Apoyar a los miembros de la Comisión en las actividades que le son encomendadas.', 'Mantener el archivo de los expedientes manejados por la Comisión', 'Convocar las reuniones, coordinar y conducir los actos de la Comisión de Contrataciones.', 'Todas la anteriores', 'D', 1, '1'),
(54, 'Sin perjuicio de lo que disponga la Ley que establezca el estatuto de la función pública, y a los efectos de esta Ley ¿A quienes deben  considerase Directores y administradores?', 'Quienes desempeñen funciones Gerenciales, Supervisorias, Auditoras, Contralorías, Directivas.', 'Quienes adquieran compromisos en nombre del ente u organismo', 'Quienes representen al ente u organismo con autoridad  para comprometer a la entidad', 'Todas las anteriores.', 'D', 1, '1'),
(55, 'De conformidad con el Reglamento de la LOCGRSNCF, los métodos del Control perceptivo sólo podrán usarse en ejercicio del:', 'Control Interno', 'Control de Gestión', 'Control Posterior', 'Todas las Anteriores', 'C', 1, '1'),
(56, 'De acuerdo al Reglamento de la LOCGRSNCF,Cuando el órgano de control fiscal, en el curso de las investigaciones que realice, necesita tomar declaraciones a cualquier persona, ordenará la comparecencia dentro de :', 'Cinco (5) días hábiles siguientes  a la fecha de su notificación', 'Quince (15) días seguidos siguientes a la fecha de su notificación', 'Doce (12) días siguientes a la fecha de su notificación', 'Ninguna de las anteriores.', 'D', 1, '1'),
(57, 'De acuerdo a las Normas para la Formación, Participación, Rendición, Examen y Calificación de las Cuentas de los Órganos del Poder Público Nacional, Distrital, Municipal y sus entes Descentralizados, Son Normas de las Unidades de Auditoría de los órganos de Control Fiscal:', 'Designar a los funcionarios que examinaran las cuentas', 'calificar la cuenta y declarar o no su fenicimiento', 'Informar por escrito al cuentadante acerca de la oportunidad en que se realizará el examen de la cuenta', 'Todas la anteriores', 'D', 1, '1'),
(58, 'De acuerdo al Reglamento de la LOCGRSNCF, durante el acto oral y público de una determinación de responsabilidades ¿Cuál de los siguientes temas podrán exponerse?', 'Los antecedentes del procedimiento administrativo.', 'Los actos y hechos que se imputan.', 'Los elementos probatorios que se disponen.', 'Todas los anteriores.', 'D', 1, '1'),
(59, 'De conformidad al Reglamento de LOCGRSNCF, ¿El procedimiento administrativo de determinación de responsabilidades podrá iniciarse como consecuencia:', 'Del ejercicio de las funciones de control y de la potestad de investigación.', 'Del ejercicio de la potestad de investigación y por denuncias de particulares.', 'A solicitud de cualquier organismo o empleado público.', 'Cualquiera de las anteriores.', 'D', 1, '1'),
(60, 'En concordancia con la Ley Orgánica de los Consejos Comunales, ¿Cómo se realiza la  elección de los voceros o voceras de las unidades ejecutiva, administrativa y financiera comunitaria de un Consejo comunal?', 'Por mayoría simple con la participación del diez por ciento (10%) de los habilitantes de la comunidad mayores de quince años.', 'Por plancha o lista electoral', 'De manera uninominal', 'Todas las anteriores.', 'C', 1, '1'),
(61, 'De acuerdo a lo establecido en las Normas de Auditoría de Estado. Que deberá contener un programan de trabajo como mínimo:', 'Origen de la Auditoría, Alcance, Métodos,Procedimientos, Niveles de Aprobación Enfoque de la auditoría', 'Situación o hechos relevantes encontrados en la auditoría', 'El grado de operatividad y eficacia del sistema de control interno del objeto a evaluar', 'Ninguna de las anteriores.', 'A', 1, '1'),
(62, 'Según Decreto de Rango, Valor y Fuerza de la Ley Orgánica de Administración Financiera del Sector Público, Con que fin, deberán presentar caución antes de entrar en ejercicio de sus funciones los funcionarios y funcionarias encargadas de la administración y liquidación de ingresos nacionales o de recepción, custodia y manejo de fondos o bienes públicos :', 'Reforzar la capacidad de gestión de los órganos desconcentrados.', 'A los fines de garantizar el adecuado registro de todas las operaciones contables, a las que se encuentre designado', 'Resolver los conflictos de criterio entre órganos y entes públicos.', 'Ninguna de las anteriores.', 'B', 1, '1'),
(63, 'De conformidad al Reglamento de la LOCGRSNCF,  ¿En cuánto tiempo los Ministros ordenadores de compromisos y pagos de gastos de seguridad y defensa del Estado, informarán sobre tales gastos a la Contraloría General de la República?', 'Dentro de los cinco (5) días hábiles siguientes al vencimiento de cada trimestre.', 'Dentro de los diez (10) días hábiles siguientes al vencimiento de cada trimestre.', 'Dentro de los quince (15) días hábiles siguientes al vencimiento de cada trimestre.', 'Ninguna de las anteriores.', 'A', 1, '1'),
(64, 'De acuerdo al Decreto de Rango, Valor y Fuerza de Ley de Simplificación de Trámites Administrativos,  a quien y de cuantos es el porcentaje que los  órganos y entes de la Administración Pública Nacional  a cuyo cargo se encuentre la percepción con ocasión de la realización de trámites administrativos, deberán abonar del monto total de las tasas que recauden a través de cuentas especiales para tal fin:', 'Al Sistema Nacional de trámites Administrativos (SITRAD), un medio por ciento (0,50%)', 'Al Instituto Nacional para la Gestión Eficiente de Trámites y Permisos  (INGETYP), un medio por ciento (0,50%)', 'Al Instituto Nacional para la Gestión Eficiente de Trámites y Permisos  (INGETYP), un medio por ciento (0,50%)', 'Ninguna de las anteriores.', 'B', 1, '1'),
(65, 'Señala la Ley Orgánica del Poder Público Municipal, son deberes y atribuciones del Concejo Municipal:', 'Iniciar, consultar a las comunidades, discutir y sancionar los proyectos de ordenanzas municipales.', 'Dictar y aprobar su Reglamento Interior y de debates.', 'Ejercer la potestad normativa tributaria del municipio.', 'Todas las anteriores.', 'D', 1, '1'),
(66, 'Según el Reglamento de la LOCGRSNCF, ¿Quién podrá asumir cualquier tipo de control previo sobre los gastos destinados a la seguridad y defensa del estado?', 'La Contraloría del Estado', 'La contraloría Municipal.', 'La Contraloría General de la República', 'Ninguna de las anteriores.', 'C', 1, '1'),
(67, 'De acuerdo al Decreto con Rango, Valor y Fuerza de Ley de Contrataciones Pública.  Que termino debe fijar el contratante para la presentación de la manifestación de voluntad de participar en la modalidad de contratación de un Concursos Cerrado:', 'De 7 días hábiles para bienes y 8 días hábiles para servicios y 10 días hábiles para obras', 'De 7 días hábiles para bienes, y 9 días hábiles para servicios y 11 días hábiles para obras', 'De 4 días hábiles para bienes y 5 días hábiles para servicios y 6 días hábiles para obras', 'De 8 días hábiles para bienes y 9 días hábiles para servicios y 11 días hábiles para obras', 'B', 1, '1'),
(68, 'De conformidad con la Ley Contra la Corrupción,Un funcionario sera penado con prisión de 6 meses a 4 años cuando:', 'Diere ilegalmente a los fondos o rentas a su cargo, una aplicación diferente a la presupuestada o destinada, aun en beneficio público', 'Diere ilegalmente a los fondos o rentas a su cargo, una aplicación diferente a la presupuestada o destinada, causare daño o entorpeciera algún servicio público.', 'Que evada la aplicación de los procedimientos de licitación u otros controles o restricciones que establece la ley para efectuar determinada contratación', 'Todas las anteriores.', 'B', 1, '1'),
(69, 'De acuerdo a lo establecido en las Normas de Auditoría de Estado. Que debe someterse a consideración de los responsables de las áreas involucradas del órgano o ente evaluado al un Auditor culminar la fase de ejecución de la auditoría asignada:', 'Los riesgos relativo a las desviaciones o deficiencias del sistema de control interno del objeto evaluado que pudieran incidir en los resultados de la auditoría', '2). El grado de operatividad y eficacia del sistema de control interno del objeto a evaluar y contribuir a su fortalecimiento mediante la formulación de las correspondientes recomendaciones.', 'consecuencias de la situación o hecho relevante.', 'Ninguna de las anteriores.', 'D', 1, '1'),
(70, 'De acuerdo al Reglamento de Contrataciones Públicas y lo previsto en el artículo 93 de la Ley de Contrataciones públicas.¿Quién deberá firmar la Orden de compra u orden de servicio, cuando estas sean utilizadas como contrato en los procedimientos para la adquisición de bienes o prestación de servicios?', 'Por la Administradora del órgano o ente', 'Por el Contralor (a) del Estado', 'Por el representante legal del beneficiario de la adjudicación', 'Ninguna de las Anteriores.', 'C', 1, '1'),
(71, 'De Acuerdo a la Ley Orgánica del Poder Ciudadano, Quién es responsable de las sanciones y recomendaciones emitidas en el ejercicio de sus funciones?', 'Al presidente o Presidenta de Poder Ciudadano', 'La Contraloría General de la República', 'La Asamblea Nacional', 'Ninguna de las Anteriores.', 'D', 1, '1'),
(72, 'De acuerdo al Decreto de Rango, Valor y Fuerza de Ley de Simplificación de Trámites Administrativos, De cuanto es lapso estipulado en el articulo 64 de esta ley, para efectuar la transferencia al Instituto Nacional para la Gestión Eficiente de Trámites y Permisos (INGETYP), del 0,50% percibido en ocasiones por la trámites administrativos en las cuentas especiales para tal fin:', 'Los 10 primeros días de cada mes, bajo las condiciones que establezca mediante Resolución el ministerio del Poder Popular con competencia en materia de finanzas', 'Los 6 primeros días de cada mes, bajo las condiciones que establezca mediante Resolución el ministerio del Poder Popular', 'Los 6 primeros días de cada mes, bajo las condiciones que establezca mediante Resolución el ministerio del Poder Popular con competencia en materia de finanzas', 'Ninguna de las anteriores.', 'D', 1, '1'),
(73, 'De acuerdo al Reglamento de la LOCGRSNCF, El Contralor General de la República podrá intervenir los órganos de control fiscal y de los órganos y entidades cuando:', 'Las evaluaciones realizadas no sugiriesen graves irregularidades en el ejercicio de sus funciones', 'Cuando los exámenes realizados sugiriesen grave descontrol en el ejercicio de sus funciones.', 'Cuando las evaluaciones practicadas sugiriesen graves irregularidades en el ejercicio de sus funciones', 'Todas las anteriores', 'C', 1, '1'),
(74, 'De acuerdo al Reglamento de la LOCGRSNCF,Cuando el órgano de control fiscal, en el curso de las investigaciones que realice, necesita tomar declaraciones a cualquier persona, ordenará la comparecencia dentro de :', 'Cinco (5) días hábiles siguientes  a la fecha de su notificación', 'Quince (15) días seguidos siguientes a la fecha de su notificación', 'Doce (12) días siguientes a la fecha de su notificación', 'Ninguna de las anteriores.', 'D', 1, '1'),
(75, 'De conformidad al Reglamento de la LOCGRSNCF ¿Cuándo podrá ser elaborado por la dependencia competente del órgano de control fiscal el informe de resultados en la Potestad Investigativa?', 'Dentro de los veinte (20) días hábiles siguientes a la conclusión de la valoración jurídica.', 'Dentro de los quince (15) días hábiles siguientes a la conclusión del lapso probatorio.', 'Dentro de los diez (10) días hábiles siguientes a la conclusión del informe preliminar.', 'Dentro de los diez (10) días continuos siguientes a la conclusión de la auditoría.', 'B', 1, '1'),
(76, 'De acuerdo al Decreto con Rango, Valor y Fuerza de Ley de Contrataciones Públicas,Una vez culminada la selección del contratista, exeptúando los documentos declarados reservados o confidenciales, Quienes tendrán derecho a solicitar revisión del expediente y requerir copia certificada de cualquier documento en el contenido?:', 'El Servicio Nacional de Contrataciones', 'Los oferentes', 'La Unidad Usuaria', 'Ninguna de las anteriores.', 'B', 1, '1'),
(77, 'Según  Decreto con Rango, Valor y Fuerza de Ley de Contrataciones Pública.  La determinación de la modalidad de selección de contratista a ser aplicada conforme al monto de la contratación, se realizará considerando:', 'El valor de la Unidad tributaria vigente  para el momento de la contratación respectiva', 'El valor de la Unidad tributaria vigente al momento de la entrega de los pliegos aplicables a para la contratación.', 'El valor Unidad tributaria que antecede a la contratación', 'Ninguna de la anteriores.', 'A', 1, '1'),
(78, 'Según lo dispuesto en la Ley Contra la Corrupción, en la administración de los bienes y recursos públicos, los funcionarios y empleados públicos se regirán por los principios de :', 'Honestidad y Transparencia.', 'Participación, eficiencia y eficacia.', 'Legalidad, rendición de cuentas y responsabilidad.', 'Todas las anteriores.', 'D', 1, '1'),
(79, 'De acuerdo a lo establecido en las Normas de Auditoría de Estado. Sin perjuicios de las atribuciones que les competen quienes velarán por el cumplimiento de la presente normas:', 'El Contralor General de la República.', 'El Contralor del Estado y la Superintendencia Nacional de Auditoría Interna', 'El contralor Municipal', 'Todas las anteriores.', 'D', 1, '1'),
(80, 'De acuerdo a  Decreto de Rango, Valor y Fuerza de la Ley Orgánica de Administración Financiera del Sector Público. Quienes están obligados a suministrar las informaciones que requiera la oficina Nacional de Presupuesto, así  como a cumplir las normas e instructivos técnicos que emanen de ella:', 'Los ciudadanos y ciudadanas de estados mayores de 18 años', 'El Presidente del Banco Central de Venezuela', 'Las empresas privadas', 'Ninguna de las anteriores.', 'B', 1, '1'),
(81, 'De acuerdo a lo establecido en el  Decreto de Rango, Valor y Fuerza de la Ley Orgánica de Administración Financiera del Sector Público,  Cuando en los presupuestos públicos se incluyan créditos para obras, bienes o servicios cuya ejecución exceda del ejercicio económico financiero, se incluirá también la información correspondiente de:', 'De los Recursos erogados en ejercicios precedentes,', 'El cronograma de ejecución', 'De su monto total, los que se erogarán en el futuro y la respectiva autorización para gastar en el ejercicio correspondiente', 'Todas las anteriores.', '', 1, '1'),
(82, 'De acuerdo al Reglamento de la LOCGRSNCF, la Potestad resarcitoria comprende la facultada para :', 'Reformular reparos', 'Formular reparos', 'Condicionar reparos', 'Establecer reparos', 'B', 1, '1'),
(83, 'Según el Reglamento de Contrataciones Públicas. Para las modalidades de concurso cerrado y consulta de precios para la contratación de obras, el tiempo máximo para la evaluación de las ofertas y elaboración del informe de recomendación será:', 'De tres (3) días hábiles', 'De cuatro (4) días hábiles', 'De siete días hábiles', 'Ninguna de las anteriores.', 'D', 1, '1'),
(84, 'De acuerdo a las Normas para la Formación, Participación, Rendición, Examen y Calificación de las Cuentas de los Órganos del Poder Público Nacional, Distrital, Municipal y sus entes Descentralizados, Que documentos deberán resguardarse y a la disposición de los órganos a que refiere el artículo 4 de esta Norma:', 'Los Libros que sustenten la cuenta', 'Los estados financieros que sirvan de alegatos a la cuenta', 'Los comprobantes comprometidos en la cuenta', 'Todas la anteriores', 'D', 1, '1'),
(85, 'Según Decreto de Rango, Valor y Fuerza de Ley de Simplificación de Trámites Administrativos. De cuanto es el tiempo que dispondrá el infractor para la cancelación de la multa ante el Instituto Nacional de la Gestión Eficiente de Trámites y Permisos (INGETYP):', 'Dispondrá de 35 días continuos, contados a partir de la fecha en que haya quedado firme la sanción', 'Dispondrá de 30 días hábiles, contados a partir de la fecha en que haya quedado firme la sanción', 'Dispondrá de 35 días hábiles, contados a partir de la fecha en que haya quedado firme la sanción', 'Ninguna de las anteriores.', 'B', 1, '1'),
(86, 'En concordancia con la Ley Orgánica del Poder Público Municipal, cuándo  se produce una falta absoluta del Contralor o Contralora Municipal ¿Quién nombra al Contralor interino?', 'La Contraloría General del la República.', 'La Contraloría del estado.', 'El Alcalde.', 'El Consejo Municipal.', 'D', 1, '1'),
(87, 'Expresa la Ley Orgánica del Poder Público Municipal, son atribuciones del contralor o contralora municipal:', 'El control posterior de los organismos y entes descentralizados', 'El control de los resultados de la acción de control financiera  y ejecutiva con que operan las entidades sujetas a su control.', 'Elaborar el proyecto de presupuesto de gastos del Municipio.', 'Elaborar normas para el control del gasto público del ejecutivo municipal.', 'A', 1, '1'),
(88, 'De conformidad con lo previsto en la Ley Orgánica de los Consejos Comunales, ¿Qué se entiende por colectivo de coordinación comunitaria', 'Es la máxima instancia de liberación y decisión para el ejercicio del poder comunitario.', 'Es la instancia de articulación, trabajo conjunto y funcionamiento, conformado por los voceros y voceras de la Unidad Ejecutiva y Financiera Comunitaria y Unidad de Contraloría Social del Consejo comunal.', 'Es la instancia conformada por un grupo de ciudadanos y ciudadanas que asume la iniciativa de difundir , promover e informar la organización de su comunidad a los efectos de la constitución del Consejo comunal.', 'Todas las anteriores.', 'B', 1, '1'),
(89, 'Según la Ley Orgánica de los Consejos Comunales, el acta constitutiva del Consejo Comunal deberá contener:', 'El nombre del Consejo Comunal, ámbito geográfico con su ubicación y linderos.', 'Identificación con nombre,cédula de identidad y firmas de los  y las participantes en la asamblea constitutiva', 'Nombres de los habitantes del sector', 'Todas la anteriores', 'A', 1, '1'),
(90, 'De acuerdo al Decreto con Rango, Valor y Fuerza de Ley de Contrataciones Pública.  Que termino debe fijar el contratante para la presentación de la manifestación de voluntad de participar en la modalidad de contratación de un Concursos Abierto:', 'De 7 días hábiles para bienes y 8 días hábiles para servicios y 10 días hábiles para obras', 'De 7 días hábiles para bienes, y 9 días hábiles para servicios y 11 días hábiles para obras', 'De 7 días hábiles para bienes y 8 días hábiles para servicios y 11 días hábiles para obras', 'De 8 días hábiles para bienes y 9 días hábiles para servicios y 11 días hábiles para obras', 'B', 1, '1'),
(91, 'A efectos del  Reglamento de la Ley de Contrataciones Públicas, ¿Que atribuciones tiene la Comisión Comunal de Contrataciones?', 'Velar porque los procedimientos de contratación se realicen de conformidad a lo establecido en la legislación vigente que rige la materia', 'Recibir, abril y analizar o hacer que se analice todos los documentos relativos a la calificación  de oferentes.', 'Determinar las ofertas que en forma integral, resulten más convenientes, de conformidad a lo requisitos establecidos en la Ley de Contrataciones', 'Todas las anteriores.', 'D', 1, '1'),
(92, 'Según el Reglamento de la LOCGRSNCF, ¿A quién deben remitir los OCF externos, los expedientes de las actuaciones de control que llevan adelante, cuando surjan elementos de convicción que pudieran dar lugar a una determinación de responsabilidades administrativa, a funcionarios calificados como de alto nivel que se encuentren en ejercicio de su cargo?', 'Al tribunal disciplinario del Órgano de Control Fiscal.', 'A la Comisión de Auditoría de la Asamblea Nacional.', 'A la Contraloría General de la República.', 'A la Defensoría del Pueblo.', 'C', 1, '1'),
(93, 'De acuerdo al Reglamento de Contrataciones Públicas y lo previsto en la Ley de Contrataciones. ¿Que información debe contener el acta para dar inicio a la realización de un  concurso cerrado?', 'El monto estimado de la contratación.', 'Cronograma de ejecución de la modalidad de selección.', 'Estimado de contratación y calificación financiera.', 'Todas las anteriores.', 'D', 1, '1'),
(94, 'De conformidad al Reglamento de la LOCGRSNCF,  ¿En cuánto tiempo los Ministros ordenadores de compromisos y pagos de gastos de seguridad y defensa del Estado, informarán sobre tales gastos a la Contraloría General de la República?', 'Dentro de los cinco (5) días hábiles siguientes al vencimiento de cada trimestre.', 'Dentro de los diez (10) días hábiles siguientes al vencimiento de cada trimestre.', 'Dentro de los quince (15) días hábiles siguientes al vencimiento de cada trimestre.', 'Ninguna de las anteriores.', 'A', 1, '1'),
(95, 'De acuerdo al Reglamento de la LOCGRSNCF, al menos ¿Cuál de las siguientes opciones deberá estar contenida en las Actas de inspección o Fiscalizaciones?', 'La identificación del funcionario actuante', 'Objeto de la actuación', 'Circunstancias de lugar y tiempo en que se produjo la inspección o fiscalización', 'Todos las anteriores', 'D', 1, '1'),
(96, 'En concordancia con lo expuesto en la Ley Orgánica de los Consejos Comunales, ¿Cómo se constituye el fondo de acción social para cubrir las necesidades sociales?', 'Mediante los intereses anuales cobrados de los créditos otorgados con recursos retornables del financiamiento.', 'Mediante los ingresos por concepto de los intereses y excedentes devengados de los recursos de inversión social no retornables.', 'Por medio de los recursos generados de la auto-gestión comunitaria', 'Todas las anteriores.', 'D', 1, '1'),
(97, 'De acuerdo a lo establecido en las Normas de Auditoría de Estado. Si un auditor durante la ejecución de una auditoria determinace hallazgos que elementos deberán contener estas::', 'Norma legal, sublegal, administrativa y/o técnica que resulte aplicable al órgano, ente, dependencia proyecto, actividad u operación objeto de la auditoría', 'consecuencias de la situación o hecho relevante.', 'El origen de la posible situación o hecho relevante', 'Todas las anteriores.', 'B', 1, '1'),
(98, 'Según Decreto de Rango, Valor y Fuerza de la Ley Orgánica de Administración Financiera del Sector Público, Que atribuciones le confiere a la  Oficina Nacional de Crédito Público por su dotación de capacidad de gestión administrativa, presupuestaria y financiera:', 'Unificar, centralizar y consolidar la contabilidad del sector público.', 'Emitir opiniones y atender consultas relacionadas con la interpretación y aplicación de las normas expedidas por la Oficina Nacional de Contabilidad Pública.', 'Producir información que se utilizará de insumo para la elaboración de las cuentas económicas del sector público, de acuerdo con el sistema de cuentas nacionales.', 'Todas las anteriores.', 'D', 1, '1'),
(99, 'Según el reglamento de LOCGRSNCF, en el ejercicio de las actividades de control sobre los gastos destinados a seguridad y defensa del estado ¿Qué deberá preservarse?', 'El carácter secreto de dichos gastos', 'El carácter público de dichos gastos', 'El carácter  vinculante de dichos gastos', 'ningún carácter', 'A', 1, '1'),
(100, 'En que Ley se establece que los órgano y entes deberán tener disponibles en sus sitios de internet, vínculos que le permitan a las persona interesadas obtener información completa, oportuna, veraz de cualquier trámite que se realicen antes los mismos :', 'En el Decreto de Rango, Valor y Fuerza de Ley de Simplificación de trámites Administrativos', 'En el Decreto de Rango, Valor y Fuerza de Ley de contrataciones Públicas', 'Ley de la Contraloría General de la República', 'Ninguna de las anteriores.', 'A', 1, '1'),
(101, 'La Ley Orgánica del Poder Público Municipal señala, que el alcalde o alcaldesa es la primera autoridad civil y política en la jurisdicción municipal, y que además es:', 'Jefe del ejecutivo del Municipio.', 'Primera autoridad de la policía municipal.', 'Representante legal de la entidad municipal.', 'Todas las anteriores.', 'D', 1, '1'),
(102, 'Señala la Ley Orgánica del Poder Público Municipal, las competencias de los municipios son:', 'Propias, además de delegadas y descentralizadas.', 'Subordinadas a la CGR.', 'Coordinadas por el Consejo de Planificación.', 'Todas las anteriores.', 'A', 1, '1');
INSERT INTO `preguntas` (`Numero`, `Pregunta`, `OpcionA`, `OpcionB`, `OpcionC`, `OpcionD`, `Respuesta`, `Puntos`, `Ronda`) VALUES
(103, 'Según lo pautado en la Ley Orgánica de los Consejos Comunales, A través de quién Los Consejos Comunales deben elaborar los proyectos socio productivos?', 'De los comités de economía comunal.', 'De los comités de medios alternativos comunitarios.', 'De los comités de seguridad y defensa integral', 'Todas la anteriores', 'A', 1, '1'),
(104, 'Según  Decreto con Rango, Valor y Fuerza de Ley de Contrataciones Pública.  Se consideran supuestos generadores de responsabilidad administrativa:', 'Incumplir con las actividades relacionadas con el control del contrato', 'Omitir la verificación de la suficiencia de las garantías que se requiera o no las haga valer oportunamente', 'Incumplir con el deber de suministrar al Servicio Nacional de Contrataciones, la información requerida', 'Todas las anteriores', 'D', 1, '1'),
(105, 'De conformidad con la Ley Contra la Corrupción, ¿Cómo se inicia un procedimiento administrativo sancionatorio?', 'Con medida preventiva de libertad.', 'Con multa de 100 a 5000 Unidades Tributarias.', 'Con multa de 50 a 500 Unidades Tributarias.', 'Con auto motivado que contendrá una relación sucinta de los hechos.', 'D', 1, '1'),
(106, 'Según el Reglamento de la LOCGRSNCF, ¿Cuál es el lapso que tienen los funcionarios interventores de la CGR para entregar los informes de su gestión en :', 'Diariamente', 'Cada  dos (2) años', 'Mensualmente', 'Cuando se pueda', 'C', 1, '1'),
(107, 'A efectos del  Reglamento de la Ley de Contrataciones Públicas,Son causales de rechazo de las ofertas, además de las establecidas en la Ley de Contrataciones Públicas:', 'La Ofertas cuyo período de validez sea menor al requerido.', 'La Ofertas que no estén acompañadas por la documentación exigida en las condiciones de la contratación', 'La Ofertas que presenten datos irregulares o ilógicos, que no permita la ejecución del contrato con el monto de la oferta.', 'Todas las anteriores.', 'D', 1, '1'),
(108, 'De acuerdo a las Normas para la Formación, Participación, Rendición, Examen y Calificación de las Cuentas de los Órganos del Poder Público Nacional, Distrital, Municipal y sus entes Descentralizados, A quién deberá remitir el titular del órgano de control fiscal correspondiente, una relación de las cuentas examinadas, con indicación expresa de la calificación de la misma, y el motivo de la objeción de ser el caso', 'A la máxima autoridad jerárquica del órgano o ente y a la Contraloría General de la República', 'A la Unidad de Auditoría del órgano o ente y a la Contraloría General del Estado', 'A la dependencia y al Contralor del Estado', 'Ninguna de las Anteriores.', 'A', 1, '1'),
(109, 'De conformidad al Reglamento de LOCGRSNCF, ¿Qué se consideran circunstancias agravantes a los fines de imponer multas previstas en la Ley?', 'La reincidencia y la reiteración', 'La magnitud del perjuicio causado al patrimonio público', 'La condición de funcionario público', 'Todas la anteriores', 'D', 1, '1'),
(110, 'Conforme a lo establecido en la Ley Orgánica de los Consejos Comunales, ¿De dónde los Consejos Comunales podrán recibir de manera directa recursos financieros?', 'Los que provengan de la administración  de los servicios públicos que le sean transferidos por el estado.', 'Los que sean transferidos por la República, los estados y los municipios.', 'Los recursos provenientes de donaciones de acuerdo con lo establecido en el ordenamiento jurídico.', 'Todas las anteriores.', 'D', 1, '1'),
(111, 'Según lo expresado en la Ley Orgánica de los Consejos Comunales, ¿Cuál es el fondo destinado para contribuir con el pago de los gastos que se genera en en la operatividad del Consejo comunal?', 'El Fondo de Ahorro y Crédito social.', 'El Fondo de Riesgo', 'El Fondo de Gastos Operativos y de Administración', 'Ninguna de la anteriores.', 'C', 1, '1'),
(112, 'De acuerdo a lo establecido en el  Decreto de Rango, Valor y Fuerza de la Ley Orgánica de Administración Financiera del Sector Público. Cuando será presentado el presupuesto consolidado del sector público  y a quien será remitido una vez aprobado por el Ejecutivo Nacional', 'Al Ejecutivo Nacional antes del treinta (30) de mayo del año de su vigencia,  y será remitido a la Asamblea Nacional con fines informativos.', 'Al Ejecutivo Nacional antes del treinta (30) de mayo del año de su vigencia,  y será remitido a la Oficina del Poder Popular con fines informativos.', 'Al Ejecutivo Nacional antes del treinta (31) de diciembre del año de su vigencia,  y será remitido a la Asamblea Nacional con fines informativos.', 'Ninguna de las anteriores.', 'A', 1, '1'),
(113, 'Según el Reglamento de Contrataciones Públicas. El informe de recomendación de la Comisión de Contrataciones a que hace referencia el art. 70 de la Ley de Contrataciones debe contener además:', 'La modalidad de selección aplicada y su objeto', 'La aplicación de medidas de promoción de desarrollo económico, si fuere el caso', 'Lugar y fecha del informe, el cual será firmado por todos los miembros de la comisión y por el Secretario.', 'Ninguna de las anteriores.', 'D', 1, '1'),
(114, 'Según el Reglamento de la LOCGRSNCF, ¿Quienes se consideran funcionarios de alto nivel?', 'Los Titulares de los Institutos Autónomos Nacionales', 'Las máximas autoridades jerárquicas', 'El Presidente del Banco Central de Venezuela', 'Todas las anteriores', 'D', 1, '1'),
(115, 'Según la Ley Orgánica del Poder Público Municipal, ¿En cuanto tiempo debe ser convocado el concurso para elegir al Contralor Municipa,l a partir del momento de producirse la vacante del cargo?', 'Dentro de los 30 días hábiles siguientes.', 'Dentro de los 60 días hábiles siguientes.', 'Dentro de los 90 días hábiles siguientes.', 'Dentro de los 120 días hábiles siguientes.', 'A', 1, '1'),
(116, 'La Ley Orgánica del Poder Público Municipal indica, el alcalde o alcaldesa deberá ser:', 'Venezolano o venezolana.', 'Mayor de veintidós años de edad.', 'Haber residido durante al menos un año en el municipio.', 'Todas las anteriores.', 'A', 1, '1'),
(117, 'De acuerdo al Reglamento de la LOCGRSNCF, se podrá designar mediante concurso público a:', 'Todos los titulares de los Órganos de Control Fiscal.', 'Todos los titulares de los Órganos de Control Fiscal, menos los de la Unidad de Auditoria Interna.', 'Todos los titulares de los Órganos de Control Fiscal, menos los Contralores Comunales.', 'Todos los titulares de los Órganos de Control Fiscal, menos el Contralor General de la República.', 'D', 1, '1'),
(118, 'De conformidad con el Reglamento de la LOCGRSNF, en el acto Oral y Público se permitirá:', 'El ingreso de menores de edad y armas de fuego.', 'Al público en general, sin ninguna restricción de personas.', 'La intervención de las personas que participen en el acto.', 'Ninguna de las anteriores.', 'C', 1, '1'),
(119, 'De conformidad a lo pautado en la Ley Orgánica de los Consejos Comunales, ¿Ante quién deberá formalizarse la solicitud de revocatoria de los voceros o voceras del Consejo comunal?', 'Ante el Comité de Seguridad y Defensa Integral', 'Ante la Unidad de Contraloría Social', 'Ante la Asamblea de Ciudadanos y Ciudadanas', 'Ninguna de las anteriores.', 'B', 1, '1'),
(120, 'De acuerdo a  Decreto de Rango, Valor y Fuerza de la Ley Orgánica de Administración Financiera del Sector Público. Que Ministerio con: competencia en materia de Finanzas es el  órgano rector de la administración financiera del sector público, correspondiéndole la dirección, coordinación,implantación y supervisión de los sistemas que lo integran?', 'El Ministerio para las Comunas y Movimiento Social', 'El Ministerio de Comercio', 'Ministerio Poder Popular', 'El Ministerio de Supremo de Justicia', 'C', 1, '2'),
(121, 'De acuerdo al Reglamento de Contrataciones Públicas. Se debe realizar evaluación de desempeño a todos los proveedores y contratistas que hayan obtenido la adjudicación para el suministro de bienes  y prestación de servicios por un monto:', 'Superior a  4000 UT', 'Superior a  4500 UT', 'Menor a  4000 UT', 'Todas las anteriores.', 'A', 1, '2'),
(122, 'Contempla la Ley Orgánica del Poder Público Municipal, las parroquias y las otras entidades locales dentro del territorio municipal son demarcaciones creadas con el objeto de:', 'Desconcentrar la gestión municipal.', 'Promover la participación ciudadana.', 'Una mejor prestación de los servicios públicos municipales.', 'Todas las anteriores.', 'D', 1, '2'),
(123, 'Establece la Ley Orgánica del Poder Público Municipal, ¿Qué condición es necesaria para que el Consejo Legislativo pueda crear un Municipio?', 'Una población asentada establemente en un territorio determinado, con vínculos de vecindad permanente.', 'Percibir recursos del estado para la construcción de obras.', 'La aceptación de las comunidades organizadas.', 'Ninguna de las anteriores.', 'A', 1, '2'),
(124, 'Según la Ley Contra la Corrupción, ¿quienes deberán administrar y custodiar el patrimonio público con decencia, decoro, probidad y honradez?.', 'Las personas jurídicas', 'La CGR', 'Los funcionarios y empleados públicos.', 'Los particulares', 'C', 1, '2'),
(125, 'De acuerdo a lo establecido en las Normas de Auditoría de Estado, El auditor deberá ser objetivo e imparcial en el ejercicio de sus funciones e inhibirse en los supuestos previstos en el artículo 36 de la Ley Orgánica de Procedimientos Administrativos y 20 de las presentes Normas.', 'ser objetivo e imparcial', 'ser objetivo  y parcial', 'Poseer no menos de dos años de experiencia en materia de control', 'Todas las anteriores.', 'B', 1, '2'),
(126, 'De acuerdo a las Normas para la Formación, Participación, Rendición, Examen y Calificación de las Cuentas de los Órganos del Poder Público Nacional, Distrital, Municipal y sus entes Descentralizados, La planificación anual a la que esta sujeto el examen de la cuenta, a los fines de estimar los recursos financieros y humanos, así como  tiempo requeridos para el examen de la cuenta,  deberá considerar como mímino', 'El monto de los recursos manejados', 'Las observaciones contenidas en informes anteriores', 'La naturaleza de las operaciones que la conforman', 'Todas la anteriores', 'D', 1, '2'),
(127, 'De Acuerdo a la Ley Orgánica del Poder Ciudadano, Quien tiene la potestad de expedir copias certificadas, las cuales sean solicitadas por las autoridades o por los particulares al Consejo Moral Repúblicano?', 'La Asamblea Nacional', 'El secretario Ejecutivo', 'Los Consejo Comunales', 'Ninguna de las Anteriores.', 'B', 1, '2'),
(128, 'Según lo señalado en  la Ley Orgánica de los Consejos Comunales, ¿En cuál caso procede la iniciativa de solicitud para la revocatoria de los voceros o voceras del consejo comunal?', 'Por la solicitud del 5% de la población mayor de quince (15) años habitantes de la comunidad', 'Por solicitud del Presidente de la Junta Parroquial.', 'Por solicitud del Presidente de la República.', 'Ninguna de las anteriores.', 'D', 1, '2'),
(129, 'De acuerdo al Decreto con Rango, Valor y Fuerza de Ley de Contrataciones Pública.  Con qué fin y por cuanto tiempo seleccionaran en Asamblea de Ciudadanos y Ciudadanas,  las Comunas, los Consejos Comunales y las organizaciones de base del Poder Popular, al menos a tres miembros principales y un Secretario  con sus respectivos suplentes, siendo regulado su funcionamiento en el Reglamento del presente Decreto con Rango, Valor y Fuerza de Ley', 'A la comisión de Contrataciones del Poder Popular, y su duración será  determinada por la Asamblea de Ciudadanos y ciudadanas o por la Comunidad Organizada, en un lapso mayor de cinco (5) años', 'A la comisión de Contrataciones del Poder Popular, y su duración será determinada por la Asamblea de Ciudadanos y ciudadanas o por la Comunidad Organizada, hasta un lapso de dos (2) años', 'A la comisión de Contrataciones del Poder Popular, y su duración será determinada por la Asamblea de Ciudadanos y ciudadanas o por la Comunidad Organizada, hasta un lapso determinado por ambas partes', 'Ninguna de las anteriores.', 'B', 1, '2'),
(130, 'Según el Reglamento de Contrataciones Públicas. Además de las competencias establecidas en la Ley de Contrataciones Públicas, ¿Que atribuciones tiene el Servicios Nacional de Contratación?', 'Aprobar el Sistema Interno de Recursos Humanos del Servicio.', 'Presentar a la Comisión Central de Planificación, los proyectos, reglamentos internos relacionados con la Ley de Contrataciones Públicas', 'Verificar y evaluar los sistemas que establecen los órganos o entes contratantes', 'Todas las anteriores.', 'D', 1, '2'),
(131, 'De conformidad con el Reglamento de la LOCGRSNF, en el acto Oral y Público se permitirá:', 'El ingreso de menores de edad y armas de fuego.', 'Al público en general, sin ninguna restricción de personas.', 'La intervención de las personas que participen en el acto.', 'Ninguna de las Anteriores.', 'C', 1, '2'),
(132, 'Según el Reglamento de la LOCGRSNCF,  ¿En cuánto tiempo los funcionarios pagadores de gastos destinados a la seguridad y defensa del Estado, darán cuenta al Ministro respectivo sobre la realización de tales pagos?', 'Dentro de los quince (15) días hábiles siguientes a la fecha en que sean efectuados.', 'Dentro de los treinta (30) días hábiles siguientes a la fecha en que sean efectuados.', 'Dentro de los sesenta (60) días hábiles siguientes a la fecha en que sean efectuados.', 'Ninguna de las anteriores.', 'A', 1, '2'),
(133, 'De acuerdo al Reglamento de la LOCGRSNCF, la Notificación y publicación de las medidas de intervención serán adoptadas por:', 'El Contralor(a) del Estado, mediante Resolución motivada, sin ser notificado al interesado', 'Por el Contralor General de la República, mediante resolución motivada que será notificada al interesado, comunicada a las autoridades competentes y publicada en Gaceta Oficial de la República', 'Por el Contralor(a) del Estado, mediante resolución motivada que será notificada al interesado y publicada en Gaceta Oficial de la República', 'Ninguna de las anteriores.', 'B', 1, '2'),
(134, 'En concordancia con la Ley Orgánica de los Consejos Comunales, ¿Cuál de las siguientes  es una función del colectivo de  Coordinación Comunitaria?', 'Aprobar la creación de comités de trabajo u otras formas de organización comunitaria, con carácter permanente o temporal', 'Conocer, previa ejecución, la gestión de la Unidad Administrativa y financiera Comunitaria del Consejo Comunal.', 'Organizar la realización del censo demográfico y socio-económico de la comunidad.', 'Ninguna de la anteriores.', 'B', 1, '2'),
(135, 'De acuerdo al Decreto con Rango, Valor y Fuerza de Ley de Contrataciones Pública.  Que procedimientos para la Selección de Contratación deberán aplicar las Comunas, los Consejos Comunales y cualquier otra organización de base del Poder Popular, cuando estas manejen recursos asignados por los órganos y entes de la Administración Pública?', 'Acto único de recepción y apertura de sobres contentivo de manifestación de voluntad de participar', 'a través del procedimiento de contratación Directa', 'Procedimientos de contratación para promover preferentemente las participación de personas y de organizaciones comunitarias de su localidad', 'Ninguna de la anteriores.', 'D', 1, '2'),
(136, 'De acuerdo a lo establecido en las Normas de Auditoría de Estado. Los indicios de actos, hechos u omisiones presuntamente irregulares que el auditor determine en una auditoría, y que pudieran generar responsabilidad administrativa deberán comunicarse a:,  con el fin de:', 'A las autoridades del respectivo órgano de control fiscal, y este lo comunique de forma inmediata a las autoridades donde se desarrolle la auditoría, para que se adopten las medidas correctivas y dispongan las acciones a que haya lugar', 'A las autoridades del respectivo órgano de control fiscal, y este lo comunique de en un lapso de un mes las autoridades donde se desarrolle la auditoría, para que se adopten las medidas correctivas y dispongan las acciones a que haya lugar', 'A las autoridades del respectivo órgano de control fiscal, y este lo comunique de en un lapso de quince días a las autoridades donde se desarrolle la auditoría, para que se adopten las medidas correctivas y dispongan las acciones a que haya lugar', 'Ninguna de las anteriores.', 'A', 1, '2'),
(137, 'De acuerdo a lo establecido en las Normas de Auditoría de Estado. Los papeles de trabajos que se generen a documentación generada por la labor auditora y que se consideren información relevante de carácter histórico relacionada con el objeto evaluado deberá conservarse por el órgano de control fiscal por:', 'Al menos 15 años,salvo que conste en ellos derechos o acción a favor de los órgano y entes sujetos a control o que estén desprovistos de efectos jurídicos', 'Al menos 5 años,salvo que conste en ellos derechos o acción a favor de los órgano y entes sujetos a control o que estén desprovistos de efectos jurídicos', 'Al menos 20 años,salvo que conste en ellos derechos o acción a favor de los órgano y entes sujetos a control o que estén desprovistos de efectos jurídicos', 'Ninguna de las anteriores.', 'D', 1, '2'),
(138, 'Según el Reglamento de la LOCGRSNCF, cada expediente que se forme con ocasión del ejercicio de la potestad de investigación deberá:', 'Estar compuesto de varias piezas.', 'Estar identificado con un número.', 'Tener los documentos que lo\nintegren foliados.', 'Todas las anteriores.', 'D', 1, '2'),
(139, 'De acuerdo al Reglamento de la LOCGRSNCF, a los efectos de la formulación de reparos, la declaratoria de responsabilidad administrativa y la imposición de multa los órganos de control fiscal determinaran responsabilidad en:', 'En un mismo procedimiento todas la responsabilidades a que haya lugar, en torno a los hechos investigados.', 'En diferentes procedimientos todos los derechos a que tenga lugar.', 'Similar  proceso en cada una de las responsabilidades que sea en el sitio', 'Ninguna de las anteriores.', 'A', 1, '2'),
(140, 'De acuerdo al Decreto de Rango, Valor y Fuerza de Ley de Simplificación de Trámites Administrativos, quienes procurarán la desconcentración y automatización de las actividades planificadas, su supervisión, coordinación y control de las políticas pública, en virtud de su rol de dirección estratégica:', 'El Contralor del estado Monagas', 'El Contralor Municipal', 'El Contralor General de la República', 'Todas las anteriores.', 'D', 1, '2'),
(141, 'Según Decreto de Rango, Valor y Fuerza de Ley de Simplificación de Trámites Administrativos. La simplificación de los trámites administrativos tiene como finalidad:', 'Racionalizar y optimizar los tramites que realizan las personas ante la Administración Pública', 'Mejorar su eficacia, eficiencia, pertinencia, utilidad, con la finalidad Lograr una mayor celeridad y funcionalidad', 'Cubrir insuficiencias de carácter fiscal y mejorar las relaciones de la Administración Pública con las personas', 'Todas las anteriores.', 'D', 1, '2'),
(142, 'Según el Reglamento de la LOCGRSNCF, ¿las medidas de intervención serán adoptadas por el Contralor General de la República mediante:', 'Resolucíón motivada que será notificada al interesado.', 'Una rueda de prensa y su publicación en al menos cinco (5) diarios de circulación nacional.', 'Oficio dirigido al funcionario afectado.', 'Ninguna de la anteriores', 'A', 1, '2'),
(143, 'Según la Ley Orgánica de los Consejos Comunales, a los fines de su funcionamiento debe estar integrado por:', 'La Unidad de Contraloría Social.', 'La Unidad Ejecutiva.', 'La Asamblea de Ciudadanos y Ciudadanas del Consejo comunal.', 'Todas las anteriores', 'D', 1, '2'),
(144, 'Según Decreto de Rango, Valor y Fuerza de la Ley Orgánica de Administración Financiera del Sector Público, Si de la evaluación documental de la ejecución presupuestaria se evidenciaren incumplimientos injustificados de las metas y objetivos programados,A quién deberá  la Oficina Nacional de Presupuesto informar :', 'dicha situación a la máxima autoridad del órgano o ente, a los fines de que se establezcan las responsabilidades administrativas a que haya lugar.', 'a la respectiva Auditoría Interna, a los fines de que se establezcan las responsabilidades administrativas a que haya lugar.', 'a la Contraloría General de la República,   a los fines de que se establezcan las responsabilidades administrativas a que haya lugar.', 'Todas las anteriores.', 'D', 1, '2'),
(145, 'De conformidad al Reglamento de la LOCGRSNCF, la auditoría de gestión está orientada a:', 'Evaluar los planes y programas de los órganos y entidades sujetos a control.', 'Evaluar el resultado de la acción administrativa de los órganos y entidades sujetos a control.', 'Evaluar el cumplimiento y los resultados de las políticas y decisiones\ngubernamentales.', 'Todas las anteriores.', 'D', 1, '2'),
(146, 'La Ley Orgánica del Poder Público Municipal señala, la Contraloría Municipal actuará bajo la responsabilidad y dirección del contralor o contralora municipal, quien deberá:', 'Poseer no menos de dos años de experiencia en materia de control fiscal.', 'Ser mayor de veinte años.', 'Ser de reconocida solvencia moral.', 'Todas las anteriores.', 'C', 1, '2'),
(147, 'Según el Reglamento de la LOCGRSNCF, ¿Quienes se consideran funcionarios de alto nivel?', 'Los Titulares de los Institutos Autónomos Nacionales', 'Las máximas autoridades jerárquicas', 'El Presidente del Banco Central de Venezuela', 'Todas las anteriores', 'D', 1, '2'),
(148, 'Según la Ley Contra la Corrupción, Cuál es la pena que deberá cumplir el funcionario público que por algún acto de sus funciones reciba para si mismo o para otro, retribuciones u otra utilidad que no se le deban o cuya promesa acepte?', 'Prisión de 6 meses y multa de 500 U .T.', 'Prisión de 1 a 4 años y multa hasta del 50% de lo recibido o prometido', 'Prisión de1 a 6 años y multa del 100% de lo recibido prometido.', 'Ninguna de las anteriores.', 'B', 1, '2'),
(149, 'De acuerdo a lo establecido en las Normas de Auditoría de Estado. Una vez  que el órgano de control fiscal comunica los resultados y conclusiones de la auditoría, solicitará a la máxima autoridad jerárquica del órgano o ente evaluado que elabore:', 'Un plan de acciones correctivas, de acuerdo a las recomendaciones formuladas en el Informe definitivo de la auditoría, a los fines de su análisis y posterior seguimiento', 'Los riesgos vinculados con características y naturaleza propia del órgano, ente, dependencia, proyecto proceso actividad u operación a la que se dirige la auditoría', 'Un plan de acciones correctivas, de acuerdo a las recomendaciones formuladas en el Informe definitivo de la auditoría, a los fines de su análisis y posterior seguimiento', 'Todas las anteriores.', 'B', 1, '2'),
(150, 'De Acuerdo a la Ley Orgánica del Poder Ciudadano, En referencia a las Sanciones aplicada a cualquier ente privado o publico, por el Consejo Moral Republicano, podrán:', 'Interponer amparo, dentro de un lapso de 10 días siguientes a la notificación', 'Interponer recurso de reconsideración, dentro de un lapso de 10 días siguientes a la notificación', 'Interponer recurso de reconsideración, dentro de un lapso de 5 días siguientes a la notificación', 'Todas las Anteriores.', 'C', 1, '2'),
(151, 'De acuerdo al Decreto de Rango, Valor y Fuerza de Ley de Simplificación de Trámites Administrativos. Las multas previstas en el artículo 71 de este Decreto, referente a los servidores y servidoras publicas en las que puedan incurrir las funcionarias y funcionarios en ejercicio de la función publica se establecerá:', 'Sin perjuicio  de la responsabilidad civil', 'Sin perjuicio  de la responsabilidad penal', 'Sin perjuicio  de la responsabilidad administrativa', 'Todas las anteriores.', 'D', 1, '2'),
(152, 'De acuerdo al Decreto con Rango, Valor y Fuerza de Ley de Contrataciones Públicas, Se excluyen de la aplicación del presente Decreto con Rango, Valor y Fuerza de Ley,  las Contrataciones que no privan de cumplir lo establecido en las demás disposiciones que regulan la materia de contratación pública como es:', 'La contratación de empresas del privadas constituidas en el marco de acuerdos Nacionales e internacionales .', 'Los arrendatarios de bienes de inmuebles, inclusive los el financiero', 'La ejecución de obras, adquisición de bienes y la prestación de servicios que se encuentren el el marco de contratos o convenios suscritos con organismos internacionales', 'Ninguna de las anteriores.', 'C', 1, '2'),
(153, 'Según  Decreto con Rango, Valor y Fuerza de Ley de Contrataciones. se excluyen de la aplicación del presente Decreto:', 'Los contratos que tengan por objeto la ejecución de obras', 'La adquisición de bienes', 'La contratación de empresas , que se encuentren el el marco del cumplimiento de acuerdos internacionales', 'Todas las anteriores', 'C', 1, '2'),
(154, 'De conformidad al Reglamento de la LOCGRSNCF, a los fines del cabal derecho a la defensa de los interesados legítimos, una vez recibido el oficio de notificación de la potestad investigativa ¿Cuál es el lapso que estos tendrán para exponer sus argumentos y promover pruebas?.', 'Cinco (5) días hábiles.', 'Diez (10) días hábiles.', 'Quince (15) días hábiles.', 'Veinte (20) días hábiles.', 'B', 1, '2'),
(155, 'De acuerdo al Reglamento de Contrataciones Públicas y Además de lo previsto en el artículo 108 de la Ley de Contrataciones públicas, es causal de modificación del contrato lo siguiente:', 'La emisión de ordenes que por su contenido afecten las condiciones del contrato', 'La emisión de resoluciones o reglamentos o decretos que por su contenido afecten las condiciones del contrato', 'La Ofertas que presenten datos irregulares o ilógicos, que no permita la ejecución del contrato con el monto de la oferta.', 'Ninguna de las Anteriores.', 'B', 1, '2'),
(156, 'De acuerdo a lo establecido en el  Reglamento de la LOCGRSNCF, ¿Cuál de los siguientes se consideran beneficios esperados del control interno?', 'El incremento de la protección del patrimonio público.', 'La minimización de los riesgos de daños contra el patrimonio público.', 'El incremento de la eficiente utilización del patrimonio público.', 'Todas  las anteriores.', 'D', 1, '2'),
(157, 'Según la Ley Orgánica de los Consejos Comunales, ¿En qué caso el Ministerio del Poder Popular con competencia en materia de participación ciudadana, podrá abstenerse de registrar un consejo comunal?', 'Cuando tenga por objeto finalidades distintas a las previstas en la presente ley.', 'Si no se acompañan los documentos exigidos en la presente Ley o si éstos presentan alguna deficiencia u omisión.', 'Si el Consejo Comunal no se ha constituido con la determinación exacta del ámbito geográfico o si dentro de éste ya existiere registrado un consejo comunal.', 'Todas las anteriores.', 'D', 1, '2'),
(158, 'Sin perjuicio de las responsabilidades a que haya lugar, será causal de responsabilidad administrativa determinable de acuerdo a lo establecido en el Decreto de Rango, Valor y fuerza de la Ley Orgánica de Administración Financiera con y de conformidad a los  procedimientos previstos en la Ley Orgánica de la Contraloría General de la República y del Sistema de Control Fiscal :', 'La existencia de registros de información acerca de la ejecución de los presupuestos', 'El incumplimiento de la obligación de   participar los resultados de dicha ejecución a la Oficina Nacional de Contabilidad Pública', 'El incumplimiento de la obligación de   participar los resultados de dicha ejecución a la Oficina Nacional de Presupuesto.', 'Todas las anteriores.', 'C', 1, '2'),
(159, 'Según el Reglamento de la LOCGRSNCF,  ¿En cuánto tiempo los funcionarios pagadores de gastos destinados a la seguridad y defensa del Estado, darán cuenta al Ministro respectivo sobre la realización de tales pagos?', 'Dentro de los quince (15) días hábiles siguientes a la fecha en que sean efectuados.', 'Dentro de los treinta (30) días hábiles siguientes a la fecha en que sean efectuados.', 'Dentro de los sesenta (60) días hábiles siguientes a la fecha en que sean efectuados.', 'Ninguna de las anteriores.', 'A', 1, '2'),
(160, 'Según la Ley Orgánica del Poder Público Municipal, corresponden al Presidente o Presidenta del Concejo Municipal las atribuciones siguientes:', 'Convocar y dirigir las sesiones del Concejo Municipal y ejercer la representación del mismo.', 'Ejecutar el presupuesto del ejecutivo municipal.', 'Firmar junto al Contralor Municipal las resoluciones emanadas por el Consejo Municipal.', 'Ninguna de las anteriores.', 'A', 1, '2'),
(161, 'Establece la Ley Orgánica del Poder Público Municipal, el Municipio ejercerá sus competencias mediante los siguientes instrumentos jurídicos:', 'Ordenanzas.', 'Acuerdos.', 'Reglamentos.', 'Todas las anteriores.', 'D', 1, '2'),
(162, 'De acuerdo al Reglamento de la LOCGRSNCF, ¿Cuántos días hábiles tendrán las máximas autoridades de los órganos que reciban recomendaciones de los Órganos de Control Fiscal, para solicitar por escrito la reconsideración y sustitución de dichas recomendaciones?', '15 días hábiles siguientes a la recepción del informe.', '20 días hábiles siguientes a la recepción del informe.', '25 días hábiles siguientes a la recepción del informe.', '30 días hábiles siguientes a la recepción del informe.', 'A', 1, '2'),
(163, 'Según lo dispuesto en la Ley Orgánica de los Consejos Comunales, ¿Qué se requiere para postularse como vocero o vocera del Consejo comunal así como integrante de la comisión electoral?', 'Tener capacidad de trabajo colectivo con disposición y tiempo para el trabajo comunitario.', 'Estar inscrito en el registro electoral de la comunidad.', 'Espíritu unitario y compromiso con los intereses de la comunidad', 'Todas las anteriores', 'D', 1, '2'),
(164, 'De conformidad con la Ley Contra la Corrupción, ¿Independientemente de la responsabilidad civil, penal, administrativa o disciplinaria, ¿Quienes podrían ser sancionados, con multa de 50 a 500 U.T.?', 'Quienes omitieren presentar  la Declaración Jurada de Patrimonio dentro del término previo para ello.', 'Quienes no participen los nombramientos, designaciones, tomas de posesiones, remociones o destituciones.', 'Quienes se les exija mediante resolución, presentar  la declaración jurada de patrimonio y no lo hicieren', 'Todas las anteriores.', 'D', 1, '2'),
(165, 'Con  cuantos años de prisión sera sancionado el funcionario público que hubiere obtenido en el ejercicio de sus funciones  un incremento patrimonial desproporcionado con relación a sus ingresos y que no pudiere justificar?', 'Será sancionado de tres (3)  a diez (10) años', 'Será sancionado de tres (3)  a cinco (5) años', 'Será sancionado de cinco  (5)  a diez (10) años', 'Ninguna de las anteriores.', 'A', 1, '2'),
(166, 'De acuerdo al Reglamento de Contrataciones Públicas. Son causa de falta absoluta de cualesquiera de los miembros de la Comisión de Contrataciones:', 'La suspensión como consecuencia del trámite de un procedimiento disciplinario.', 'El disfrute de vacaciones, reposo médico que no exceden de dos meses', 'cuando la misma sea durante el tiempo previsto, dentro de los lapsos de ejecución de ley', 'Ninguna de las Anteriores.', 'D', 1, '2'),
(167, 'De acuerdo al Reglamento de la LOCGRSNCF, al menos ¿Cuál de las siguientes opciones deberá estar contenida en las Actas de inspección o Fiscalizaciones?', 'La identificación del funcionario actuante', 'Objeto de la actuación', 'Circunstancias de lugar y tiempo en que se produjo la inspección o fiscalización', 'Todos las anteriores', 'D', 1, '2'),
(168, 'De acuerdo a las Normas para la Formación, Participación, Rendición, Examen y Calificación de las Cuentas de los Órganos del Poder Público Nacional, Distrital, Municipal y sus entes Descentralizados,Que deberá remitir el titular del órgano de control fiscal correspondiente, antes del 30 de enero de cada año:', 'La verificación de la correcta formación de la cuenta', 'Una relación de las cuentas examinadas, con indicación expresa de la calificación de la misma, y el motivo de la objeción de ser el caso', 'a identificación de los funcionario a quienes corresponderá coordinar, supervisar y realizar el examen de la cuenta', 'Todas la anteriores', 'B', 1, '2'),
(169, 'De conformidad a la Ley Orgánica del Poder Ciudadano, Como se definen a los funcionarios públicos y funcionarias publica que atentan contra los principios rectores de los deberes y conducta de los funcionarios públicos  y funcionarias públicos los siguientes términos:', 'Aquellos actúan con probidad y honradez, lo cual excluye cualquier comportamiento en desmedro del interés colectivo.', 'Todo funcionario público o funcionaria  pública que se exterioriza con un lenguaje adecuado, y con respeto en la manera de conducirse durante el ejercicio de las funciones y tareas asignadas.', 'Todo funcionario que comporta la observancia y estricto cumplimiento al orden legal establecida.', 'Ninguna de las Anteriores.', 'D', 1, '2'),
(170, 'Según la Ley Orgánica del Poder Público Municipal, ¿Cómo deben las autoridades del Municipio, presentar informes sobre su gestión y rendir cuentas?', 'De forma transparente.', 'Periódicamente.', 'Oportunamente.', 'Todas las anteriores', 'D', 1, '2'),
(171, 'De conformidad al Reglamento de la LOCGRSNCF, la auditoría de gestión está orientada a:', 'Evaluar los planes y programas de los órganos y entidades sujetos a control.', 'Evaluar el resultado de la acción administrativa de los órganos y entidades sujetos a control.', 'Evaluar el cumplimiento y los resultados de las políticas y decisiones\ngubernamentales.', 'Todas las anteriores.', 'D', 1, '2'),
(172, 'Según lo señalado en la Ley Contra la Corrupción, y sin perjuicio de las demás sanciones que sean procedentes, se suspenderá sin goce de sueldo por un lapso de hasta doce (12) meses a:', 'El funcionario que no ejecute la suspensión acordada por el Contralor General de la República', 'El funcionario público que no suministre los documentos que exija la CGR, en la auditoría patrimonial.', 'El funcionario que de algún modo obstaculice o entrabe la práctica de alguna diligencia que deba efectuarse con motivo de la auditoría patrimonial.', 'Todas las anteriores.', 'D', 1, '2'),
(173, 'De acuerdo a lo establecido en las Normas de Auditoría de Estado. Que se entiende por riesgo inherente?', 'Los riesgos relativo a las desviaciones o deficiencias del sistema de control interno del objeto evaluando que pudieran incidir en los resultados de la auditoría', 'Los riesgos vinculados con características y naturaleza propia del órgano, ente, dependencia, proyecto proceso actividad u operación a la que se dirige la auditoría', 'Referido a la probabilidad de que no se aplique o no sean suficientes los procedimientos de auditoría que permita detectar los errores o irregularidades significativas', 'Todas las anteriores.', 'B', 1, '2'),
(174, 'De acuerdo a las Normas para la Formación, Participación, Rendición, Examen y Calificación de las Cuentas de los Órganos del Poder Público Nacional, Distrital, Municipal y sus entes Descentralizados, En que caso la Contraloría General de la República, previa evaluación y considerando la opinión del órgano de control fiscal externo correspondiente, podrá autorizar que el examen de la cuenta lo realice la Unidad de Auditoría Interna del órgano de adscripción o tutela:', 'Cuando la Unidad de Auditoría Interna del órgano manifieste deficiencias que no le permita asumir eficaz y eficientemente el examen de la cuenta de su órgano o ente', 'Cuando la el Contralor del órgano o ente  órgano manifieste eficiencias que  le permite asumir eficaz y eficientemente el examen de la cuenta de su órgano o ente', 'Cuando la Unidad de Auditoría Interna del órgano manifieste la eficiencia para  asumir  el examen de la cuenta de su órgano o ente', 'Ninguna de las Anteriores.', 'A', 1, '2'),
(175, 'De conformidad a la Ley Orgánica del Poder Ciudadano, Son casos de remoción de sus cargos, por la Asamblea Nacional, cuando el Tribunal Supremo de Justicia en Sala Plena, declare que hay mérito de enjuiciamiento los siguientes casos:', 'Por abandono del cargo, declarado por el Tribunal Supremo de Justicia.', 'Por incumplimiento o negligencia manifiesta en el ejercicio de sus atribuciones y deberes.', 'Cuando sus actos públicos atenten contra la respetabilidad del Consejo Moral Republicano y de los órganos que representan, y cometan hechos graves', 'Todas las Anteriores.', 'D', 1, '2'),
(176, 'De acuerdo a lo pautado en la Ley Orgánica de los Consejos Comunales, la organización, funcionamiento y acción de los consejos comunales se regirá  por los principios de:', 'Corresponsabilidad', 'Igualdad social y de género.', 'Libre debate de las ideas', 'Todas la anteriores', 'D', 1, '2'),
(177, 'De acuerdo al Decreto con Rango, Valor y Fuerza de Ley de Contrataciones Pública. Son causales de Rechazo de las Ofertas, cuando en el proceso posterior de examen y evaluación de las ofertas se encuentren algún o algunos supuestos', 'Que diversas ofertas provengan del mismo oponente', 'Que sean presentadas por personas que no tengan cualidad o legitimidad para presentar al oferente', 'Que sean condicionadas o alternativas', 'Todas las anteriores', 'D', 1, '2'),
(178, 'Según el Reglamento de la LOCGRSNCF, ¿Qué debe al menos contener un Auto de Proceder?', 'La identificación del órgano de control fiscal, así como la de la dependencia del mismo que efectuó la respectiva actuación de control.', 'La indicación de los elementos probatorios  recabados durante la respectiva actuación de control fiscal.', 'La orden de que sean notificados los interesados legítimos.', 'Todas las anteriores', 'D', 1, '2'),
(179, 'De conformidad al Reglamento de LOCGRSNCF, ¿Qué se consideran circunstancias agravantes a los fines de imponer multas previstas en la Ley?', 'La reincidencia y la reiteración', 'La magnitud del perjuicio causado al patrimonio público', 'La condición de funcionario público', 'Todas la anteriores', 'D', 1, '2'),
(180, 'Según el Reglamento de la LOCGRSNCF, cada expediente que se forme con ocasión del ejercicio de la potestad de investigación deberá:', 'Estar compuesto de varias piezas.', 'Estar identificado con un número.', 'Tener los documentos que lo\nintegren foliados.', 'Todas las anteriores.', 'D', 1, '2'),
(181, 'De conformidad al Reglamento de LOCGRSNCF, ¿A quién le corresponderá ejercer el control fiscal externo posterior de los gastos destinados a la defensa y seguridad del estado?', 'A la Asamblea Nacional', 'A la Unidad de Auditoría Comunal Nacional.', 'A la Contraloría General de la República.', 'Al Ministerio Público', 'C', 1, '2'),
(182, 'De acuerdo a lo establecido en las Normas de Auditoría de Estado. Con que propósito el auditor efectuará un estudio preliminar del funcionamiento del sistema de control interno a evaluar:', 'Para determinar el grado de funcionabilidad de los funcionarios', 'Identificar las áreas críticas y establecer la naturaleza, alcance y extensión de los procedimientos de auditoría a aplicar.', 'Determinar que el ciudadano a auditar posea mas de 6 meses de experiencia en materia de control', 'Ninguna de las anteriores.', 'B', 1, '2'),
(183, 'De acuerdo a  Decreto de Rango, Valor y Fuerza de la Ley Orgánica de Administración Financiera del Sector Público. Cuando deberá y como deberá cancelarse los gastos causados y no pagados al 31 de diciembre de cada año?:', 'Se pagará durante el ejercicio fiscal siguiente con cargos a la disponibilidades en caja y banco existente a la fecha señalada', 'Se pagará durante el período fiscal siguiente con cargos a la disponibilidades en caja y banco del ejercicio fiscal iniciado', 'En el caso que dicha disponibilidad resulte insuficiente para el pago de compromisos válidamente adquiridos, se procederá al pago con cargo a la disponibilidad del ejercicio en que se ordene, de acuerdo a lo establecido en la mencionada ley', 'Todas las anteriores.', 'D', 1, '2'),
(184, 'De conformidad a la Ley Orgánica del Poder Ciudadano, De quién es atribución, Expedir copia certificadas de las decisiones, resoluciones, acuerdos y demás actuaciones del Consejo Moral Republicano::', 'Del Secretario o Secretaria Ejecutiva', 'Del Presidente o Presidenta de la Asamblea Nacional', 'Del presidente del Consejo comunal', 'Todas las Anteriores.', 'A', 1, '2'),
(185, 'Expresa la Ley Orgánica del Poder Público Municipal ¿Que determinarán las Ordenanzas Municipales?', 'El régimen organizativo y funcional de los poderes municipales.', 'Las normativas para los concursos.', 'La participación de las comunidades.', 'El control presupuestario.', 'A', 1, '2'),
(186, 'Según  Decreto con Rango, Valor y Fuerza de Ley de Contrataciones. Tiene como objeto garantizar y mantener un sistemas de información de las Contrataciones del Estado y le corresponde consolidar la información referente a la aplicación de las medidas temporales vigentes:', 'La Comisión de Contrataciones', 'El Registro Nacional de Contrataciones del Estado', 'La Dirección de Capacitación de Contrataciones', 'Ninguna de la anteriores.', 'B', 1, '2'),
(187, 'Según lo dispuesto en la Ley Contra la Corrupción, ¿Quién solicitará a la máxima autoridad del Ente u Organismo de que se trate, la aplicación de las medidas preventivas?', 'El Contralor General de la República.', 'El Contralor del Estado', 'La Contralora Municipal del Estado', 'El Defensor del Pueblo.', 'C', 1, '2'),
(188, 'De acuerdo al Reglamento de Contrataciones Públicas. ¿Que debe contener los expedientes de contratación?:', 'El contrato generado por la adjudicación', 'Informe de análisis y recomendación de la adjudicación  o declaratoria desierta.', 'Documento que autoriza el inicio del procedimiento', 'Todas las anteriores.', 'D', 1, '2'),
(189, 'De acuerdo a las Normas para la Formación, Participación, Rendición, Examen y Calificación de las Cuentas de los Órganos del Poder Público Nacional, Distrital, Municipal y sus entes Descentralizados, A quién notificará el órgano de control correspondiente, cuando la rendición de cuenta se haga por funcionario o funcionaria distintos del obligado y  el cuentadante haya fallecido:', 'A la máxima autoridad de la Contraloría General de la República', 'Notificará a sus herederos garantes la oportunidad en que precederá a realizar el examen de la cuenta, así como los resultados', 'Notificará a la máxima autoridad del ente como se realizara el examen de la cuenta, así como su supervisión de los  resultados', 'Todas la anteriores', 'A', 1, '2'),
(190, 'Según el Reglamento de la LOCGRSNCF, luego de la recepción del expediente de irregularidades, ¿En cuanto tiempo se debe tramitar y resolver la solicitud de autorización para la remoción o destitución de los titulares de los órganos de control fiscal?', 'A los cinco (5) días hábiles.', 'A los quince (15) días hábiles.', 'A los treinta (30) días hábiles.', 'Cualquiera de las anteriores.', 'C', 1, '2'),
(191, 'De acuerdo al Reglamento de la LOCGRSNCF, la Potestad resarcitoria comprende la facultada para :', 'Reformular reparos', 'Formular reparos', 'Condicionar reparos', 'Establecer reparos', 'B', 1, '2'),
(192, 'De acuerdo a lo pautado en la Ley Orgánica de los Consejos Comunales, ¿Qué  preferencia podrán dar lo órganos y entes de estado en sus relaciones con los consejos comunales?', 'Especial atención de los consejos comunales  en la formulación, ejecución y control de todas las políticas públicas', 'Preferencia en la transparencia de los servicios públicos.', 'Asignación privilegiada y preferente, en el presupuesto de los recursos públicos para la atención de los requerimientos formulados por los consejos comunales.', 'Todas la anteriores', 'D', 1, '2'),
(193, 'Según  Decreto con Rango, Valor y Fuerza de Ley de Contrataciones Pública. Que Autoridad Técnica en las materia regulada por el Presente Decreto, tiene como competencia Velar y promover el cumplimiento y difusión del presente Decreto con Rango, Valor y Fuerza de Ley, sus Reglamento, normas complementarias y proponer modificaciones que se consideren necesaria', 'El Registro Nacional de Contratista', 'La Comisión de Contrataciones', 'El Contralor General de la República', 'El Servicio Nacional de Contrataciones', 'D', 1, '2'),
(194, 'De acuerdo a lo establecido en las Normas de Auditoría de Estado. Quienes se encuentran sujetos a las presentes Normas:', 'Los auditores certificados por la Contraloría General de la República que ofrezcan sus servicios profesionales en materia de control', 'La Contraloría General de la Fuerza Armada Nacional', 'Las Contralorías de los Estados, Distritos, Municipios y Dependencias Federales', 'Todas las anteriores.', 'B', 1, '2'),
(195, 'De acuerdo a  Decreto de Rango, Valor y Fuerza de la Ley Orgánica de Administración Financiera del Sector Público. Están sujetos a las regulaciones de este Decreto con Rango, Valor y Fuerza de Ley, los entes que conforman el sector público, tales como:', 'Las fundaciones, asociaciones civiles y demás instituciones\nconstituidas con fondos públicos.', 'Las sociedades mercantiles  tengan participación igual o mayor al  cincuenta por ciento del capital social.', 'La República, los Estados, Distritos, Municipios, los institutos públicos', 'Ninguna de las anteriores.', 'D', 1, '2'),
(196, 'De acuerdo al Reglamento de la LOCGRSNCF, en ocasión del ejercicio de la Potestad de Investigación ¿Qué debe contener un Oficio de Notificación?', 'El señalamiento expreso a los interesados legítimos  o sus representantes legales que a partir dela fecha tendrán acceso al expediente.', 'La dependencia en que se encuentra, con su dirección exacta y el horario de atención al público.', 'El número del expediente', 'Todas las anteriores', 'D', 1, '2'),
(197, 'De acuerdo al Reglamento de la LOCGRSNCF, durante el acto oral y público de una determinación de responsabilidades ¿Cuál de los siguientes temas podrán exponerse?', 'Los antecedentes del procedimiento administrativo.', 'Los actos y hechos que se imputan.', 'Los elementos probatorios que se disponen.', 'Todas los anteriores.', 'D', 1, '2'),
(198, 'De acuerdo al Decreto de Rango, Valor y Fuerza de Ley de Simplificación de Trámites Administrativos, En los proceso Decisorios, los órganos y entes, en miras de lograr la optímización de sus funciones podrán:', 'Reforzar la capacidad de gestión de los órganos desconcentrados, mediante la transferencia funciones de ejecución, o su automatización', 'Transferir competencias decisorias a los niveles inferiores', 'Reservándose los aspectos generales de la planificación, supervisión, coordinación y control', 'Todas las anteriores.', 'D', 1, '2'),
(199, 'Según la Ley Orgánica del Poder Público Municipal, las parroquias y las otras entidades locales dentro del territorio municipal, sólo podrán ser creadas mediante ordenanza aprobada con una votación de:', 'La cuarta (1/4) parte como mínimo de los integrantes del Concejo Municipal.', 'Las tres cuartas (3/4) partes como mínimo de los integrantes del Concejo Municipal.', 'El cincuenta por ciento (50%), como mínimo de los integrantes del Concejo Municipal.', 'La mayoría absoluta como mínimo de los integrantes del Concejo Municipal.', 'B', 1, '2'),
(200, 'En concordancia con la Ley Orgánica de los Consejos Comunales, ¿Cómo se clasifican los recursos financieros que manejan los Consejos Comunales?', 'En financieros y económicos.', 'En monetarios y especies.', 'En retornables u no retornables', 'Ninguna de la anteriores.', 'C', 1, '3'),
(201, 'Según lo previsto en la Ley Contra la Corrupción, ¿los informes de auditorías patrimoniales, así como las pruebas obtenidas por la CGR, para verificar y cotejar las declaraciones juradas de patrimonio tendrán:', 'Carácter vinculante', 'Fuerza probatoria.', 'Fuerza de Ley.', 'Ningún carácter.', 'B', 1, '3'),
(202, 'Según lo señalado en el articulo 3 de este Decreto de Ley con Rango, Valor y Fuerza de Ley podrán incurrir en enriquecimiento ilícito:', 'Los que estén investidos de función públicas, permanentes o transitorias, remuneradas o gratuitas, originadas por elección o contrato otorgado por la autoridad competente al servicio de la República', 'Los Administradores de las sociedades civiles y mercantiles y cualquier institución constituidas constituidas con recursos públicos', 'Todas aquellas personas a que se refiere el artículo 4 de este Decreto con Rango, Valor y Fuerza de Ley.', 'Todas las anteriores.', 'D', 1, '3'),
(203, 'De acuerdo a lo establecido en las Normas de Auditoría de Estado En un proceso de Auditoría los auditores y autoridades que intervengan deberán garantizar que los trabajos realizados cumplan con el  criterios de calidad, los cuales se refieren fundamentalmente:', 'Que estas se ejecuten conformidad con lo previsto en las presentes Normas y demás normativa que resulte aplicable.', '5). A que los papeles de trabajos señalen los datos de identificación del responsable de su elaboración, así como los del encargado de la supervisión de la auditoría.', '3). A que todo trabajo a ejecutarse cuente  con la correspondiente planificación y las actividades y tareas programadas.', 'Todas las anteriores.', 'D', 1, '3'),
(204, 'De conformidad al Reglamento de LOCGRSNCF, los órganos de control fiscal deberán realizar sus actuaciones de conformidad al:', 'Cronograma de actuaciones mensuales', 'Plan Estratégico Nacional', 'Plan Operativo Anual', 'Plan de trabajo semestral', 'C', 1, '3'),
(205, 'De conformidad al Reglamento de LOCGRSNCF, ¿A quién le corresponderá ejercer el control fiscal externo posterior de los gastos destinados a la defensa y seguridad del estado?', 'A la Asamblea Nacional', 'A la Unidad de Auditoría Comunal Nacional.', 'A la Contraloría General de la República.', 'Al Ministerio Público', 'C', 1, '3');
INSERT INTO `preguntas` (`Numero`, `Pregunta`, `OpcionA`, `OpcionB`, `OpcionC`, `OpcionD`, `Respuesta`, `Puntos`, `Ronda`) VALUES
(206, 'De acuerdo al Reglamento de la LOCGRSNCF, ¿Cuál de las siguientes  se considera una grave irregularidad, que pudiese generar una intervención del Contralor General de la República en un órgano de control fiscal?', 'La falta absoluta de planificación de sus actividades.', 'La reiterada falta de acciones de seguimiento respecto a sus propias\nobservaciones y recomendaciones.', 'La omisión absoluta e injustificada de la práctica de auditorías sobre los\nórganos y entidades sujetos a su control, durante un ejercicio fiscal.', 'Todas las anteriores.', 'D', 1, '3'),
(207, 'De acuerdo a las Normas para la Formación, Participación, Rendición, Examen y Calificación de las Cuentas de los Órganos del Poder Público Nacional, Distrital, Municipal y sus entes Descentralizados, Cuando el resultado del examen de  la cuenta resultare conforme, y transcurrido el lapso referido en el articulo 30 de la presente normas, el informe definitivo que elaborarán los órganos de control fiscal correspondiente, deberá contener:', 'Procedimientos y técnicas utilizados en el examen', 'Denominación de la dependencia donde se realizó la cuenta', 'Observaciones derivadas  del análisis, producto de razonamiento fundamentado en las evidencias obtenidas', 'Ninguna de las Anteriores.', 'D', 1, '3'),
(208, 'De conformidad a la Ley Orgánica del Poder Ciudadano, en que   período y como  se reunirá el Concejo Moral Republicano cuando estas sean convocadas por el Presidente o Presidenta?', 'al menos  1 vez cada 25 días y en sesiones ordinarias y extraordinarias', 'al menos  1 vez cada 60 días y en sesiones ordinarias y extraordinarias', 'al menos 2 vez al mes, y se realizaran en sesiones ordinarias y extraordinarias', 'Ninguna de las Anteriores.', 'C', 1, '3'),
(209, 'De Acuerdo a la Ley Orgánica del Poder Ciudadano, Son atribuciones y deberes del Presidente o Presidenta del consejo Moral Republicano', 'Administrar conjuntamente con el Secretario Ejecutivo o Secretaria Ejecutiva los recursos que le sean asignados, con sujeción a las disposiciones establecidas en la Constitución de la República Bolivariana de Venezuela y las leyes.', 'Delegar alguna de sus atribuciones en cuales quiera de los otros miembros del Consejo Moral Republicano.', 'Expedir copias certificadas solicitadas por las autoridades o por los particulares al Consejo Moral Republicano.', 'Todas las Anteriores.', 'D', 1, '3'),
(210, 'Según la Ley Orgánica del Poder Público Municipal, ¿De quién podrá el Consejo Legislativo, oír opiniones en relación a los procesos de formación de las leyes estadales, relativas al régimen de los municipios?', 'De los alcaldes.', 'De los concejos municipales y las juntas parroquiales.', 'De los ciudadanos y sus organizaciones .', 'Todas las anteriores.', 'D', 1, '3'),
(211, 'Según lo señalado en  la Ley Orgánica de los Consejos Comunales, ¿Cuál es el quórum que se necesita en la Asamblea de Ciudadanos y Ciudadanas para revocar un vocero del Consejo Comunal?', 'El treinta por ciento (30%) de la población mayor de quince años de esa comunidad.', 'El veinte por ciento (20%) de la población mayor de 15 años de esa comunidad', 'El veinticinco por ciento (25%) de la población mayor de quince (15) años de esa comunidad.', 'Ninguna de las anteriores.', 'B', 1, '3'),
(212, 'De acuerdo al Decreto con Rango, Valor y Fuerza de Ley de Contrataciones Pública.  Es un órgano desconcentrado, con capacidad de gestión presupuestaria, administrativa, financiera y ordenadora de pago, dependiente jerarquicamente de la Comisión Central de Planificación', 'La Comisión de Contratación', 'El  Servicio Nacional de Contrataciones', 'El Registro Nacional de Contratistas', 'Ninguna de la anteriores.', 'C', 1, '3'),
(213, 'Según el Reglamento de la LOCGRSNCF, luego de la recepción del expediente de irregularidades, ¿En cuanto tiempo se debe tramitar y resolver la solicitud de autorización para la remoción o destitución de los titulares de los órganos de control fiscal?', 'A los cinco (5) días hábiles.', 'A los quince (15) días hábiles.', 'A los treinta (30) días hábiles.', 'Cualquiera de las anteriores.', 'C', 1, '3'),
(214, 'De acuerdo al Reglamento de Contrataciones Públicas. En la evaluación de ofertas presentadas en las modalidades de selección de contratistas previstas en la Ley de Contrataciones Públicas,¿Que no debe utilizarse a los efectos de otorgar valoración a las ofertas por comparación de precios, ni como causa de rechazo de la misma, salvo lo dispuesto en la mencionada Ley?', 'Los precios  unitarios', 'El presupuesto base', 'La oferta presentada', 'Ninguna de las Anteriores.', 'B', 1, '3'),
(215, 'De conformidad con el Reglamento de la LOCGRSNCF, los métodos del Control perceptivo sólo podrán usarse en ejercicio del:', 'Control Interno', 'Control de Gestión', 'Control Posterior', 'Todas las Anteriores', 'C', 1, '3'),
(216, 'De acuerdo al Reglamento de la LOCGRSNCF, en ocasión del ejercicio de la Potestad de Investigación ¿Qué debe contener un Oficio de Notificación?', 'El señalamiento expreso a los interesados legítimos  o sus representantes legales que a partir dela fecha tendrán acceso al expediente.', 'La dependencia en que se encuentra, con su dirección exacta y el horario de atención al público.', 'El número del expediente', 'Todas las anteriores', 'D', 1, '3'),
(217, 'Según lo previsto en la Ley Contra la Corrupción, ¿De cuánto es la multa con la cuál serán sancionados quienes omitieren presentar la Declaración Jurada de Patrimonio dentro del término previsto para ello:', 'De 1 a 5 U.T.', 'De 20 a 50 U.T.', 'De 50 a 500 U.T.', 'De 50 a 100 U.T.', 'C', 1, '3'),
(218, 'De acuerdo a las Normas para la Formación, Participación, Rendición, Examen y Calificación de las Cuentas de los Órganos del Poder Público Nacional, Distrital, Municipal y sus entes Descentralizados, Una vez realizada la notificación al órgano de control fiscal, que la cuenta se encuentra lista, cuando procederá este a realizar la revisión preliminar de la cuenta , para su correcta información:', 'Dentro de los 60 días hábiles siguientes a su notificación', 'Dentro de los 60 días continuos siguientes a su cierre', 'Dentro de los 120  días continuos siguientes a su notificación', 'Dentro de los 90 días hábiles siguientes a su notificación', 'C', 1, '3'),
(219, 'De conformidad con lo previsto en la Ley Orgánica de los Consejos Comunales, ¿Cuánto tiempo deben esperar los voceros y voceras del consejo comunal, que hayan sido revocados de sus funciones, para poder postularse a una nueva elección?', 'Durante dos períodos siguientes a la fecha de la revocatoria.', 'Durante los tres (3) períodos siguientes a la fecha de la revocatoria', 'Durante los cinco períodos siguientes a la fecha de la revocatoria.', 'Ninguna de la anteriores.', 'A', 1, '3'),
(220, 'De acuerdo al Reglamento de la LOCGRSNCF, El Contralor General de la República podrá intervenir los órganos de control fiscal y de los órganos y entidades cuando:', 'Las evaluaciones realizadas no sugiriesen graves irregularidades en el ejercicio de sus funciones', 'Cuando los exámenes realizados sugiriesen grave descontrol en el ejercicio de sus funciones.', 'Cuando las evaluaciones practicadas sugiriesen graves irregularidades en el ejercicio de sus funciones', 'Todas las anteriores', 'C', 1, '3'),
(221, 'Según el Reglamento de la LOCGRSNCF, se entiende por Auto de proceder al:', 'Acto dictado por la autoridad competente que da inicio al procedimiento administrativo para la determinación de responsabilidades', 'Acto dictado por la Autoridad competente a través del cual se formaliza el ejercicio de la potestad investigativa.', 'Acto dictado por la autoridad competente a través del cual se inicia un procedimiento de selección de contratista', 'Ninguna de las anteriores.', 'B', 1, '3'),
(222, 'De acuerdo a lo establecido en las Normas de Auditoría de Estado. A que estará sujeta la Auditoría de Estado:', 'A una Planificación, tomando en cuenta los planteamientos y  solicitudes del Órgano y  entes evaluador', 'A una Planificación, tomando en cuenta los planteamientos y  solicitudes de la Contraloría General de la República', 'A una Planificación, tomando en cuenta los planteamientos y  solicitudes A la Superintendencia Nacional de Auditoría Interna', 'Todas las anteriores.', 'D', 1, '3'),
(223, 'Según Decreto de Rango, Valor y Fuerza de Ley de Simplificación de Trámites Administrativos. Que atribuciones tendrá la Comisión Presidencial creada por el Presidente(a) de la República, la cual se encargara de la formulación de las lineas estratégicas  y la coordinación de los órganos y entes de la Administración Pública, específicamente en todo lo relativo al Sistema Nacional de Trámites Administrativos:', 'Coordinar la participación de todas las ramas y niveles del Poder Público en la formulación de las políticas públicas sobre trámites administrativos por parte del ministerio del poder popular competente en dicha materia.', 'Avalar y elevar a conocimiento del Presidente(a) de la República el Plan Nacional de Simplificación de Trámites administrativos, propuesto por la autoridad nacional unificada en la materia.', 'Resolver los conflictos de críterio entre órganos y entes públicos.', 'Todas las anteriores.', 'D', 1, '3'),
(224, 'De conformidad con la Ley Contra la Corrupción, los funcionarios y empleados públicos deberán utilizar los bienes y recursos públicos para los fines previstos en:', 'La Ley Orgánica de la Administración Pública.', 'Ley de la Función pública.', 'El Presupuesto Correspondiente', 'LOCGRSNCF', 'C', 1, '3'),
(225, 'De acuerdo a las Normas para la Formación, Participación, Rendición, Examen y Calificación de las Cuentas de los Órganos del Poder Público Nacional, Distrital, Municipal y sus entes Descentralizados, En que lapso el cuentadante participara por escrito al órgano de control fiscal correspondiente, que la cuenta se encuentra lista y firmada para el examen:', 'Dentro de los 60 días hábiles siguientes a su cierre', 'Dentro de los 120 días hábiles siguientes a su cierre', 'Dentro de los 90 días hábiles siguientes a su cierre', 'Dentro de los 95 días hábiles siguientes a su cierre', 'C', 1, '3'),
(226, 'De acuerdo al Reglamento de Contrataciones Públicas. ¿Que debe contener los expedientes de contratación?:', 'El contrato generado por la adjudicación', 'Informe de análisis y recomendación de la adjudicación  o declaratoria desierta.', 'Documento que autoriza el inicio del procedimiento', 'Todas las anteriores.', 'D', 1, '3'),
(227, 'Según  Decreto con Rango, Valor y Fuerza de Ley de Contrataciones. En el caso de Prestación de Servicios  Bienes Cuando debe procederse a un Concurso Cerrado?', 'Si el contrato a ser otorgado es un precio estimado superior a 5.000 UT y hasta 20.000 UT,  o independiente del monto de la contratación cuando la máxima autoridad del contratante lo justifique mediante acto  motivado', 'Si el contrato a ser otorgado es un precio estimado superior a 10.000 UT y hasta 30.000 UT,  o independiente del monto de la contratación cuando la máxima autoridad del contratante lo justifique mediante acto  motivado', 'Si el contrato a ser otorgado es un precio estimado superior a 5.000 UT y hasta 20.000 UT,  o independiente del monto de la contratación cuando la máxima autoridad del contratante lo justifique mediante acto  motivado', 'Si el contrato a ser otorgado es un precio estimado superior a 1000 UT y hasta 10.000 UT,  o independiente del monto de la contratación cuando la máxima autoridad del contratante lo justifique mediante acto  motivado', 'B', 1, '3'),
(228, 'De acuerdo a lo establecido en el  Decreto de Rango, Valor y Fuerza de la Ley Orgánica de Administración Financiera del Sector Público. A que órgano corresponde establecer y mantener un sistema de control interno, de acuerdo a la estructura, naturaleza y fines de la organización ?:', 'La Asamblea Nacional', 'A la Contraloría general de la República', 'El banco Central de Venezuela', 'Todas las anteriores.', 'D', 1, '3'),
(229, 'De conformidad al Reglamento de la LOCGRSNCF ¿Se considera una situación agravante de las multas impuestas, cuando el funcionario reincida en algunos de los supuestos que le generaron dichas sanciones dentro del término de:', 'Dos (2) años.', 'Tres (3) años.', 'Cuatro (4) años.', 'Cinco (5) años.', 'D', 1, '3'),
(230, 'Según la Ley Orgánica del Poder Público Municipal, ¿Qué funciones tendrá el sistema intermunicipal de recursos humanos?', 'Evitar las demandas realizadas por las personas a la alcaldía.', 'Facilitar el despido de las personas que trabajen en los organismos municipales.', 'Promover el desarrollo de carrera de los funcionarios municipales.', 'Todas las anteriores.', 'C', 1, '3'),
(231, 'De acuerdo al Decreto con Rango, Valor y Fuerza de Ley de Contrataciones Públicas, las comisiones de contratación podrán:', 'Verificar la vigencia de la certificación de la calificación de los oferentes en el Registro Nacional de Contratistas, cuyo monto sea superior a 4.000 UT para bienes', 'Verificar la vigencia de la certificación de la calificación de los oferentes en el Registro Nacional de Contratistas, cuyo monto sea superior a 5.000 UT para ejecución de obras', 'Remitir a la Unidad de Auditoría Interna del órgano o ente contratante los casos o hechos que puedan generar responsabilidad administrativa.', 'Todas  las anteriores.', 'D', 1, '3'),
(232, 'De conformidad al Reglamento de la LOCGRSNCF ¿Cuándo podrá ser elaborado por la dependencia competente del órgano de control fiscal el informe de resultados en la Potestad Investigativa?', 'Dentro de los veinte (20) días hábiles siguientes a la conclusión de la valoración jurídica.', 'Dentro de los quince (15) días hábiles siguientes a la conclusión del lapso probatorio.', 'Dentro de los diez (10) días hábiles siguientes a la conclusión del informe preliminar.', 'Dentro de los diez (10) días continuos siguientes a la conclusión de la auditoría.', 'B', 1, '3'),
(233, 'De conformidad al Reglamento de LOCGRSNCF, los órganos de control fiscal deberán realizar sus actuaciones de conformidad al:', 'Cronograma de actuaciones mensuales', 'Plan Estratégico Nacional', 'Plan Operativo Anual', 'Plan de trabajo semestral', 'C', 1, '3'),
(234, 'De acuerdo a lo establecido en el  Decreto de Rango, Valor y Fuerza de la Ley Orgánica de Administración Financiera del Sector Público,  Son operaciones de crédito público:', 'La emisión y colocación de títulos valores, incluidas las letras del Tesoro, constitutivos de empréstitos o de operaciones de tesorería, exceptuando los destinados al', 'El otorgamiento de garantías.', 'La apertura de créditos de cualquier naturaleza.', 'Todas las anteriores.', 'D', 1, '3'),
(235, 'Señala la Ley Orgánica del Poder Público Municipal, ¿A través de que función se ejercerá el Poder Público Municipal?', 'La función financiera', 'La función organizadora.', 'La función de control estadal', 'Ninguna de las anteriores.', 'D', 1, '3'),
(236, 'De conformidad con la Ley Contra la Corrupción, De cuanto será el lapso de prisión, si el funcionario público diere a los fondos o rentas a su cargo, una aplicación diferente a la presupuestada o destinada, aún en beneficio público?', 'De 3 meses a 3 años, según la gravedad del delito', 'De 1 meses a 3 años, según la gravedad del delito', 'De 6 meses a 3 años, según la gravedad del delito', 'Ninguna de las anteriores.', 'A', 1, '3'),
(237, 'De conformidad a la Ley Orgánica del Poder Ciudadano, A quién informará por escrito El Consejo Moral Repúblicano, los hechos pormenorizados de la conducta del magistrado o magistrada que contenga la calificación de faltas graves y en que lapso, remitiéndose  informe todos los documentos probatorios de los hechos que dieron lugar a la calificación de la falta.?', 'Al presidente o Presidenta de Poder Ciudadano, en un lapso de 3 días contados a partir de la fecha de la decisión', 'A la Asamblea Nacional, en un lapso de 3 días contados a partir de la fecha de la decisión', 'Al presidente o Presidenta de Poder Ciudadano, en un lapso de 5 días contados a partir de la fecha de la decisión', 'Ninguna de las Anteriores.', 'B', 1, '3'),
(238, 'De acuerdo al Decreto con Rango, Valor y Fuerza de Ley de Contrataciones Públicas, los contratos a que hace referencia el art. 4, y que se mencionan a continuación podrán ser adjudicados directamente por la máxima autoridad contratante?', 'La adquisición de bienes, ejecución de obras destinados a la seguridad y defensa de estado.', 'La adquisición de bienes y ejecución de obras ejecutables directamente por los órganos y entes de la Administración Pública', 'Las estrategias para la adquisición de bienes, prestación de servicios y ejecución de obras entre personas naturales y los contratantes', 'Todas  las anteriores.', 'D', 1, '3'),
(239, 'Según el Reglamento de la LOCGRSNC, el informe de resultados constituye un acto:', 'Con fuerza de definitiva', 'De mero Trámite', 'Sancionador', 'Ninguna de las anteriores.', 'B', 1, '3'),
(240, 'De acuerdo al Reglamento de la LOCGRSNCF, ¿Cuál de las siguientes  se considera una grave irregularidad, que pudiese generar una intervención del Contralor General de la República en un órgano de control fiscal?', 'La falta absoluta de planificación de sus actividades.', 'La reiterada falta de acciones de seguimiento respecto a sus propias\nobservaciones y recomendaciones.', 'La omisión absoluta e injustificada de la práctica de auditorías sobre los\nórganos y entidades sujetos a su control, durante un ejercicio fiscal.', 'Todas las anteriores.', 'D', 1, '3'),
(241, 'De acuerdo a la Ley Orgánica de los Consejos Comunales, ¿Quién deberá regir el proceso electoral para la elección del primer consejo comunal?', 'La Asamblea de Ciudadanos y Ciudadanas.', 'El equipo electoral provisional.', 'El equipo promotor y el comité de trabajo.', 'El equipo electoral permanente', 'B', 1, '3'),
(242, 'De acuerdo a lo establecido en las Normas de Auditoría de Estado. Que define, el deber que tiene funcionario de cumplir sus funciones a la cual fue designado, apegándose a los principios y valores previstos en las normativas que regulen el ejercicio de su profesión y la conducta de los servidores públicos ?', 'Auditoría e Estado', 'Ética profesional', 'Servidor público', 'Ninguna de las anteriores.', 'B', 1, '3'),
(243, 'Según el Reglamento de la LOCGRSNCF, ¿las medidas de intervención serán adoptadas por el Contralor General de la República mediante:', 'Resolucíón motivada que será notificada al interesado.', 'Una rueda de prensa y su publicación en al menos cinco (5) diarios de circulación nacional.', 'Oficio dirigido al funcionario afectado.', 'Ninguna de la anteriores', 'A', 1, '3'),
(244, 'De conformidad a la Ley Orgánica del Poder Ciudadano, Con quién contará el Consejo Moral Republicano para su funcionamiento y por quién estará dirigida::', 'Dos Secretarias permanente y dirigidas por el Secretario Ejecutivo', 'Una secretaria permanente y dirigida por el Presidente o Presidenta del Poder Ciudadano', 'Una secretaria permanente y dirigida por el Secretario Ejecutivo', 'Una Secretarias permanente y dirigidas por el Presidente de la  Asamblea Nacional', 'C', 1, '3'),
(245, 'Según el Reglamento de la LOCGRSNC, el informe de resultados constituye un acto:', 'Con fuerza de definitiva', 'De mero Trámite', 'Sancionador', 'Ninguna de las anteriores.', 'B', 1, '3'),
(246, 'Según Decreto de Rango, Valor y Fuerza de la Ley Orgánica de Administración Financiera del Sector Público, Que atribuciones le confiere a la  Oficina Nacional de Crédito Público por su dotación de capacidad de gestión administrativa, presupuestaria y financiera:', '-Asegurar la existencia de políticas de endeudamiento, así como una eficiente programación, utilización y control de', 'Dirigir y coordinar las gestiones de autorización, la negociación y la celebración de las operaciones de crédito público', '.Dirigir y coordinar las relaciones con inversionistas y agencias calificadoras de riesgos', 'Todas las anteriores.', 'D', 1, '3'),
(247, 'Según la Ley Orgánica del Poder Público Municipal, ¿Qué le corresponde hacer al Municipio en el ejercicio de su autonomía?', 'Crear parroquias y otras entidades locales.', 'Controlar, vigilar y fiscalizar los ingresos, gastos y bienes municipales.', 'Crear, recaudar e invertir sus ingresos.', 'Todas las anteriores.', 'D', 1, '3'),
(248, 'Según lo señalado en la Ley Contra la Corrupción, ¿sin perjuicios de las demás sanciones  que corresponda quedará inhabilitado para ejercer cualquier cargo público:', 'Al funcionario que de algún modo obstaculice o entrabe la practica de alguna diligencia con motivo de la auditoría patrimonial.', 'Al funcionario publico o empleado público que haya sido condenado a cualesquiera de los delitos establecidos en este Decreto de Rango, Valor y Fuerza de Ley.', 'Al funcionario público que cese en el ejercicio de sus funciones y no presente la Declaración de ISLR.', 'Ninguna de las anteriores.', 'B', 1, '3'),
(249, 'De acuerdo a las Normas para la Formación, Participación, Rendición, Examen y Calificación de las Cuentas de los Órganos del Poder Público Nacional, Distrital, Municipal y sus entes Descentralizados, Quien podrá asumir en cualquier momento el examen de las cuentas de los órganos y entes sujetos a la presente normas:', 'La máxima autoridad del órgano  o ente correspondiente', 'La Contraloría General de la República', 'La Contraloría del Estado al que corresponda en ente u órgano', 'Ninguna de las Anteriores.', 'B', 1, '3'),
(250, 'Según el Reglamento de la LOCGRSNCF, ¿A quién deben remitir los OCF externos, los expedientes de las actuaciones de control que llevan adelante, cuando surjan elementos de convicción que pudieran dar lugar a una determinación de responsabilidades administrativa, a funcionarios calificados como de alto nivel que se encuentren en ejercicio de su cargo?', 'Al tribunal disciplinario del Órgano de Control Fiscal.', 'A la Comisión de Auditoría de la Asamblea Nacional.', 'A la Contraloría General de la República.', 'A la Defensoría del Pueblo.', 'C', 1, '3'),
(251, 'A efectos del  Reglamento de la Ley de Contrataciones Públicas, ¿que se entiende por Contrato marco?', 'Contrato mediante el cual se establecen los precios  unitarios de las partidas que conforman la adquisición  de bienes, prestación de servicios, ejecución de obras con un monto total máximo al contrato', 'Contrato mediante el cual se ejecutará por ordenes  de trabajo', 'Contrato mediante el cual se establecerán las condiciones y términos específicos de las cantidades a ejecutar, no existiendo la obligación por parte del órgano o ente contratante', 'Todas las anteriores.', 'D', 1, '3'),
(252, 'De acuerdo a lo establecido en el Reglamento de la LOCGRSNCF ¿Cuál de las siguientes se considera una circunstancia atenuante, a los fines de la imposición de las multas previstas en la Ley?', 'El haber sido advertido acerca de la irregularidad del acto, hecho u omisión\npor el que se comprometió su responsabilidad.', 'La reincidencia y la reiteración.', 'No haber sido objeto de alguna de las sanciones establecidas en la Ley.', 'Ninguna de las anteriores.', 'C', 1, '3'),
(253, 'De acuerdo a lo establecido en las Normas de Auditoría de Estado. A quién y para qué deberá  efectuar el auditor un estudio preliminar?:', 'Un estudio y/o evaluación  preliminar del funcionamiento del sistema de control  interno  para determinar su  grado de contabilidad, alcance y extensión de los procedimientos  de auditoría a aplicar', 'Un estudio y/o evaluación  preliminar del funcionamiento del sistema de control  interno  para establecer la naturaleza de la auditoría', 'Un estudio y/o evaluación  preliminar del funcionamiento del sistema de control  interno  para identificar las áreas críticas', 'Todas las anteriores.', 'D', 1, '3'),
(254, 'De conformidad a la Ley Orgánica del Poder Ciudadano, Quines serán removidos o removidas de sus cargos, por la Asamblea Nacional, cuando el Tribunal Supremo de Justicia en Sala Plena, declare que hay mérito de enjuiciamiento:', 'Los integrantes de la Asamblea Nacional', 'Los Integrantes de Tribunal Supremo de Justicia', 'Los integrantes del Consejo Moral Republicano', 'Todas las Anteriores.', 'C', 1, '3'),
(255, 'Según el Reglamento de la LOCGRSNCF, ¿Cuál es el lapso que tienen los funcionarios interventores de la CGR para entregar los informes de su gestión en :', 'Diariamente', 'Cada  dos (2) años', 'Mensualmente', 'Cuando se pueda', 'C', 1, '3'),
(256, 'Según  Decreto con Rango, Valor y Fuerza de Ley de Contrataciones. Los lapsos y términos para la evaluación  de las ofertas, emisión del informe de recomendación, adjudicación y notificación de resultados en los Procedimientos de Selección de Concurso Cerrado no podrá ser:', 'No podrá se mayor a 8 días para la adquisición de bienes,  11 días para la prestación de servicios y 15 días para la ejecución de obras.', 'No podrá se mayor a 7 días para la adquisición de bienes,  10 días para la prestación de servicios y 11 días para la ejecución de obras.', 'No podrá se mayor a 8 días para la adquisición de bienes,  11 días para la prestación de servicios y 12 días para la ejecución de obras.', 'Ninguna de la anteriores.', 'D', 1, '3'),
(257, 'Según Decreto de Rango, Valor y Fuerza de la Ley Orgánica de Administración Financiera del Sector Público, Quienes por infracción de este Decreto con Rango, Valor y Fuerza de Ley, independientemente de que su actuación haya sido dolosa o culposa, estarán obligados a indemnizar a la República o al ente del sector público afectado por los daños y perjuicios que causen en el desempeño de sus funciones del ente:', 'Las sociedades mercantiles encargadas de la administración y finanzas de las empresas.', 'Todos los funcionarios que se desempeñen en el cargo de Administración y finanzas dentro de un organismo', 'Los ciudadanos y ciudadanas de estados', 'Ninguna de las anteriores.', 'B', 1, '3'),
(258, 'De acuerdo a lo establecido en el Reglamento de la LOCGRSNCF ¿Cuál de las siguientes se considera una circunstancia atenuante, a los fines de la imposición de las multas previstas en la Ley?', 'El haber sido advertido acerca de la irregularidad del acto, hecho u omisión\npor el que se comprometió su responsabilidad.', 'La reincidencia y la reiteración.', 'No haber sido objeto de alguna de las sanciones establecidas en la Ley.', 'Ninguna de las anteriores.', 'C', 1, '3'),
(259, 'Señala la Ley Orgánica del Poder Público Municipal,  para crear una parroquia u otra de las entidades locales dentro del Municipio, se requiere que en el territorio correspondiente exista:', 'Un Proyecto de Plan de Desarrollo Urbano.', 'Una población con residencia estable, igual o superior a la exigida en la ley estadal para tales fines.', 'Servicio públicos privatizados.', 'Ninguna de las anteriores.', 'B', 1, '3');

-- --------------------------------------------------------

--
-- Estructura de tabla para la tabla `resultados`
--

CREATE TABLE IF NOT EXISTS `resultados` (
  `CodRonda` varchar(1) NOT NULL DEFAULT '',
  `Numero` int(10) unsigned NOT NULL DEFAULT '0',
  `Puntos1` int(10) unsigned NOT NULL DEFAULT '0',
  `Puntos2` int(10) unsigned NOT NULL DEFAULT '0',
  `Puntos3` int(10) unsigned NOT NULL DEFAULT '0'
) ENGINE=InnoDB DEFAULT CHARSET=utf8;

--
-- Volcado de datos para la tabla `resultados`
--

INSERT INTO `resultados` (`CodRonda`, `Numero`, `Puntos1`, `Puntos2`, `Puntos3`) VALUES
('1', 1, 0, 0, 0),
('1', 2, 0, 0, 0),
('1', 3, 0, 0, 0),
('1', 4, 0, 0, 0),
('1', 5, 0, 0, 0),
('1', 6, 0, 0, 0);

-- --------------------------------------------------------

--
-- Estructura de tabla para la tabla `rondas`
--

CREATE TABLE IF NOT EXISTS `rondas` (
  `CodRonda` varchar(1) NOT NULL DEFAULT '',
  `Ronda` varchar(45) NOT NULL DEFAULT ''
) ENGINE=InnoDB DEFAULT CHARSET=utf8;

--
-- Volcado de datos para la tabla `rondas`
--

INSERT INTO `rondas` (`CodRonda`, `Ronda`) VALUES
('1', 'ELIMINATORIA'),
('2', 'SEMI-FINAL'),
('3', 'FINAL');

-- --------------------------------------------------------

--
-- Estructura de tabla para la tabla `status`
--

CREATE TABLE IF NOT EXISTS `status` (
  `CodRonda` varchar(1) NOT NULL DEFAULT '',
  `Encuentro` int(10) unsigned NOT NULL DEFAULT '0',
  `Turno` varchar(1) NOT NULL DEFAULT ''
) ENGINE=InnoDB DEFAULT CHARSET=utf8;

--
-- Volcado de datos para la tabla `status`
--

INSERT INTO `status` (`CodRonda`, `Encuentro`, `Turno`) VALUES
('1', 1, '1');

-- --------------------------------------------------------

--
-- Estructura de tabla para la tabla `turnos`
--

CREATE TABLE IF NOT EXISTS `turnos` (
  `Equipo1` int(10) unsigned NOT NULL DEFAULT '0',
  `Equipo2` int(10) unsigned NOT NULL DEFAULT '0',
  `Equipo3` int(10) unsigned NOT NULL DEFAULT '0',
  `CodRonda` varchar(1) NOT NULL DEFAULT '',
  `Encuentro` int(10) unsigned NOT NULL DEFAULT '0'
) ENGINE=InnoDB DEFAULT CHARSET=utf8;

--
-- Volcado de datos para la tabla `turnos`
--

INSERT INTO `turnos` (`Equipo1`, `Equipo2`, `Equipo3`, `CodRonda`, `Encuentro`) VALUES
(0, 0, 0, '1', 1),
(0, 0, 0, '1', 2),
(0, 0, 0, '1', 3),
(0, 0, 0, '1', 4),
(0, 0, 0, '1', 5),
(0, 0, 0, '1', 6);

--
-- Índices para tablas volcadas
--

--
-- Indices de la tabla `encuentros`
--
ALTER TABLE `encuentros`
  ADD PRIMARY KEY (`CodRonda`,`Numero`);

--
-- Indices de la tabla `equipos`
--
ALTER TABLE `equipos`
  ADD PRIMARY KEY (`Numero`);

--
-- Indices de la tabla `estadistica`
--
ALTER TABLE `estadistica`
  ADD PRIMARY KEY (`CodRonda`,`Encuentro`,`Equipo`);

--
-- Indices de la tabla `historial`
--
ALTER TABLE `historial`
  ADD PRIMARY KEY (`Id`), ADD UNIQUE KEY `historial_uk_2` (`Ronda`,`Equipo`,`Pregunta`,`Encuentro`);

--
-- Indices de la tabla `parametros`
--
ALTER TABLE `parametros`
  ADD PRIMARY KEY (`Parametro`);

--
-- Indices de la tabla `preguntas`
--
ALTER TABLE `preguntas`
  ADD PRIMARY KEY (`Numero`);

--
-- Indices de la tabla `resultados`
--
ALTER TABLE `resultados`
  ADD PRIMARY KEY (`CodRonda`,`Numero`);

--
-- Indices de la tabla `rondas`
--
ALTER TABLE `rondas`
  ADD PRIMARY KEY (`CodRonda`);

--
-- Indices de la tabla `status`
--
ALTER TABLE `status`
  ADD PRIMARY KEY (`CodRonda`,`Encuentro`,`Turno`);

--
-- Indices de la tabla `turnos`
--
ALTER TABLE `turnos`
  ADD PRIMARY KEY (`Encuentro`,`CodRonda`);

--
-- AUTO_INCREMENT de las tablas volcadas
--

--
-- AUTO_INCREMENT de la tabla `historial`
--
ALTER TABLE `historial`
  MODIFY `Id` int(10) unsigned NOT NULL AUTO_INCREMENT;
--
-- AUTO_INCREMENT de la tabla `preguntas`
--
ALTER TABLE `preguntas`
  MODIFY `Numero` int(10) unsigned NOT NULL AUTO_INCREMENT,AUTO_INCREMENT=260;
/*!40101 SET CHARACTER_SET_CLIENT=@OLD_CHARACTER_SET_CLIENT */;
/*!40101 SET CHARACTER_SET_RESULTS=@OLD_CHARACTER_SET_RESULTS */;
/*!40101 SET COLLATION_CONNECTION=@OLD_COLLATION_CONNECTION */;
